cryptoName,date,open,close,high,low,average,volume,trade_count,vwap,timestamp
BTC/USD,02/05/2021,37102.75,39051.0,39699.95,37070.01,38384.979999999996,1153.670297,55838.0,38439.0877929464,2021-02-05 06:00:00+00:00
BTC/USD,02/06/2021,39054.2,38571.85,41019.93,38000.0,39509.965,1238.672877,63997.0,39759.6085362744,2021-02-06 06:00:00+00:00
BTC/USD,02/07/2021,38565.36,38700.0,39736.17,37383.51,38559.84,932.225474,46244.0,38455.8146087919,2021-02-07 06:00:00+00:00
BTC/USD,02/08/2021,38712.8,46964.37,47500.0,38658.96,43079.479999999996,2876.161989,91292.0,44010.7643101578,2021-02-08 06:00:00+00:00
BTC/USD,02/09/2021,46957.6,46166.35,48203.13,45040.0,46621.565,1420.610386,59671.0,46688.8856975675,2021-02-09 06:00:00+00:00
BTC/USD,02/10/2021,46168.8,44675.1,47371.09,43750.0,45560.545,1361.970634,75486.0,45149.5100956754,2021-02-10 06:00:00+00:00
BTC/USD,02/11/2021,44697.12,47289.12,48969.45,44444.48,46706.965,1765.386034,74578.0,47523.8885871809,2021-02-11 06:00:00+00:00
BTC/USD,02/12/2021,47289.12,47960.94,48224.1,46231.52,47227.81,934.058092,47008.0,47576.8770363007,2021-02-12 06:00:00+00:00
BTC/USD,02/13/2021,47960.94,48938.82,48997.7,46285.0,47641.35,804.437966,50609.0,47401.9828129884,2021-02-13 06:00:00+00:00
BTC/USD,02/14/2021,48942.87,46773.29,49730.0,45691.42,47710.71,1209.900633,58594.0,48092.3803525264,2021-02-14 06:00:00+00:00
BTC/USD,02/15/2021,46765.0,49185.11,49975.0,46727.34,48351.17,1035.488307,50751.0,48356.0764758609,2021-02-15 06:00:00+00:00
BTC/USD,02/16/2021,49168.5,49711.98,50623.0,47800.0,49211.5,1299.085662,55997.0,49134.450058717,2021-02-16 06:00:00+00:00
BTC/USD,02/17/2021,49720.34,52200.0,52644.51,49630.0,51137.255000000005,1447.308943,62122.0,51387.1771693447,2021-02-17 06:00:00+00:00
BTC/USD,02/18/2021,52194.82,51506.26,52278.77,50732.0,51505.384999999995,1033.457996,47199.0,51582.939694832,2021-02-18 06:00:00+00:00
BTC/USD,02/19/2021,51512.1,55683.65,56615.62,51487.36,54051.490000000005,1706.062977,68586.0,54712.9769557792,2021-02-19 06:00:00+00:00
BTC/USD,02/20/2021,55691.78,56570.0,57572.0,54000.0,55786.0,1134.234493,59786.0,56300.5506790763,2021-02-20 06:00:00+00:00
BTC/USD,02/21/2021,56570.0,55865.52,58355.03,55156.52,56755.774999999994,1002.137833,53708.0,56973.7596113858,2021-02-21 06:00:00+00:00
BTC/USD,02/22/2021,55894.74,49950.09,56640.28,47303.68,51971.979999999996,2826.614714,91474.0,52444.3479411674,2021-02-22 06:00:00+00:00
BTC/USD,02/23/2021,49950.08,50217.25,51399.11,45000.0,48199.555,3008.961804,87743.0,48072.8337042073,2021-02-23 06:00:00+00:00
BTC/USD,02/24/2021,50211.36,50440.62,51402.65,48054.15,49728.4,1427.023642,49672.0,49852.2863307269,2021-02-24 06:00:00+00:00
BTC/USD,02/25/2021,50430.78,45499.29,52050.0,45297.57,48673.785,1623.067066,55787.0,48589.9018823092,2021-02-25 06:00:00+00:00
BTC/USD,02/26/2021,45499.3,47791.28,48446.11,44112.21,46279.16,1253.167996,56794.0,46659.6318673615,2021-02-26 06:00:00+00:00
BTC/USD,02/27/2021,47799.99,44803.83,48375.86,44239.59,46307.725,947.264824,43837.0,46329.7320871413,2021-02-27 06:00:00+00:00
BTC/USD,02/28/2021,44821.68,46235.25,46999.68,43020.0,45009.84,1329.783722,40946.0,44785.2471060397,2021-02-28 06:00:00+00:00
BTC/USD,03/01/2021,46235.25,48703.55,50273.12,45688.43,47980.775,1387.380036,45199.0,48610.3767690108,2021-03-01 06:00:00+00:00
BTC/USD,03/02/2021,48703.02,49132.93,49745.32,47067.99,48406.655,782.046938,30823.0,48355.0734626017,2021-03-02 06:00:00+00:00
BTC/USD,03/03/2021,49146.59,49708.29,52644.44,49001.58,50823.01,1503.190121,43767.0,50848.5697223988,2021-03-03 06:00:00+00:00
BTC/USD,03/04/2021,49699.49,47143.6,50771.99,46256.38,48514.185,1248.700148,41360.0,48209.9219492012,2021-03-04 06:00:00+00:00
BTC/USD,03/05/2021,47155.97,48450.01,49472.53,46436.91,47954.72,965.82272,30954.0,48206.513601204,2021-03-05 06:00:00+00:00
BTC/USD,03/06/2021,48481.8,49364.28,49912.09,47074.63,48493.36,636.939124,23429.0,48629.7984624976,2021-03-06 06:00:00+00:00
BTC/USD,03/07/2021,49364.28,50807.58,51831.9,49091.4,50461.65,845.934967,30972.0,50718.5548226538,2021-03-07 06:00:00+00:00
BTC/USD,03/08/2021,50800.02,54281.56,54421.44,49329.8,51875.62,1007.561091,35670.0,52008.9096685571,2021-03-08 06:00:00+00:00
BTC/USD,03/09/2021,54254.01,53657.62,55835.43,53038.45,54436.94,1145.798874,39495.0,54323.5325882784,2021-03-09 06:00:00+00:00
BTC/USD,03/10/2021,53674.83,55241.5,57418.6,53536.53,55477.565,1038.171332,43219.0,56065.6760280092,2021-03-10 06:00:00+00:00
BTC/USD,03/11/2021,55241.5,57182.06,58172.9,54275.5,56224.2,991.725718,39534.0,56922.2464984086,2021-03-11 06:00:00+00:00
BTC/USD,03/12/2021,57166.16,56764.86,57737.63,55051.0,56394.315,843.906824,32803.0,56631.3602133575,2021-03-12 06:00:00+00:00
BTC/USD,03/13/2021,56745.29,61027.96,61790.24,56497.11,59143.675,1037.456482,45248.0,60101.9297916888,2021-03-13 06:00:00+00:00
BTC/USD,03/14/2021,61000.01,59765.08,61082.89,58658.03,59870.46,759.19615,34231.0,59951.2311075709,2021-03-14 06:00:00+00:00
BTC/USD,03/15/2021,59734.18,54406.38,59930.47,53223.0,56576.735,1684.637332,64312.0,55982.4613896178,2021-03-15 05:00:00+00:00
BTC/USD,03/16/2021,54398.29,55583.84,57189.78,53550.0,55369.89,878.705334,49147.0,55660.7958796642,2021-03-16 05:00:00+00:00
BTC/USD,03/17/2021,55566.58,58814.92,59555.0,54111.95,56833.475,1082.85383,56244.0,57148.6436032525,2021-03-17 05:00:00+00:00
BTC/USD,03/18/2021,58818.6,57882.46,60099.0,56240.5,58169.75,798.5158,45154.0,58182.1497842653,2021-03-18 05:00:00+00:00
BTC/USD,03/19/2021,57882.45,58232.18,59455.07,57489.99,58472.53,592.509607,35256.0,58592.8316826119,2021-03-19 05:00:00+00:00
BTC/USD,03/20/2021,58215.62,56933.15,59944.61,56754.44,58349.525,563.571496,34280.0,58619.6138118612,2021-03-20 05:00:00+00:00
BTC/USD,03/21/2021,56900.18,57600.0,58146.89,55509.0,56827.945,598.563919,38049.0,56997.4287186087,2021-03-21 05:00:00+00:00
BTC/USD,03/22/2021,57600.0,54424.88,58427.14,53707.5,56067.32,1014.364672,50967.0,55589.5339438885,2021-03-22 05:00:00+00:00
BTC/USD,03/23/2021,54424.02,54101.73,55839.36,53000.0,54419.68,942.099039,42132.0,54538.0283464136,2021-03-23 05:00:00+00:00
BTC/USD,03/24/2021,54119.51,52253.12,57190.63,51500.27,54345.45,1324.833236,59897.0,54208.8498236584,2021-03-24 05:00:00+00:00
BTC/USD,03/25/2021,52247.21,52709.82,53231.67,50411.0,51821.335,1166.755824,51657.0,51844.2365323277,2021-03-25 05:00:00+00:00
BTC/USD,03/26/2021,52713.85,55010.74,55582.55,52413.1,53997.825,947.150454,38461.0,53881.603186394,2021-03-26 05:00:00+00:00
BTC/USD,03/27/2021,54985.38,56262.79,56610.0,53962.32,55286.16,624.446485,30004.0,55539.4585973985,2021-03-27 05:00:00+00:00
BTC/USD,03/28/2021,56269.39,55309.43,56526.55,54698.57,55612.56,468.542315,27381.0,55595.089943668,2021-03-28 05:00:00+00:00
BTC/USD,03/29/2021,55294.61,57550.48,58400.0,54900.7,56650.35,850.558602,40527.0,57382.8412339559,2021-03-29 05:00:00+00:00
BTC/USD,03/30/2021,57550.47,58758.08,59405.87,57360.29,58383.08,589.789997,32480.0,58757.8723923452,2021-03-30 05:00:00+00:00
BTC/USD,03/31/2021,58758.0,58895.03,59817.86,56800.0,58308.93,903.132496,41245.0,58673.580213236,2021-03-31 05:00:00+00:00
BTC/USD,04/01/2021,58895.5,59537.23,60250.0,57908.54,59079.270000000004,734.952428,39904.0,58980.0395847376,2021-04-01 05:00:00+00:00
BTC/USD,04/02/2021,59549.26,59401.97,59719.33,58440.32,59079.825,469.544635,28460.0,59193.041177029,2021-04-02 05:00:00+00:00
BTC/USD,04/03/2021,59401.97,57579.19,59796.56,56382.48,58089.520000000004,765.320142,36330.0,57987.4174318318,2021-04-03 05:00:00+00:00
BTC/USD,04/04/2021,57575.46,57310.41,58508.0,57058.82,57783.41,431.529377,24448.0,57843.0474423787,2021-04-04 05:00:00+00:00
BTC/USD,04/05/2021,57310.2,58807.07,59499.0,56819.12,58159.06,618.376235,32945.0,58521.102992212,2021-04-05 05:00:00+00:00
BTC/USD,04/06/2021,58807.07,57637.49,59000.0,57215.98,58107.990000000005,720.147641,39888.0,58013.6719348533,2021-04-06 05:00:00+00:00
BTC/USD,04/07/2021,57646.46,56907.02,58629.96,55437.11,57033.535,1478.267739,58616.0,56613.783071826,2021-04-07 05:00:00+00:00
BTC/USD,04/08/2021,56903.0,58193.36,58400.0,56349.51,57374.755000000005,617.531782,34513.0,57600.0586868357,2021-04-08 05:00:00+00:00
BTC/USD,04/09/2021,58193.36,61010.95,61171.56,57647.49,59409.524999999994,848.30995,41227.0,58883.4831819736,2021-04-09 05:00:00+00:00
BTC/USD,04/10/2021,61010.95,59868.55,61250.0,58301.85,59775.925,876.234976,40666.0,60063.990386909,2021-04-10 05:00:00+00:00
BTC/USD,04/11/2021,59861.83,60051.19,60568.65,59160.77,59864.71,498.996196,29347.0,59751.4238166618,2021-04-11 05:00:00+00:00
BTC/USD,04/12/2021,60079.24,60517.63,61210.99,59362.91,60286.95,969.46444,44072.0,60263.121956336,2021-04-12 05:00:00+00:00
BTC/USD,04/13/2021,60560.18,64286.05,64293.06,60422.3,62357.68,1360.040619,67025.0,62772.4087401794,2021-04-13 05:00:00+00:00
BTC/USD,04/14/2021,64286.05,62965.16,64967.23,61208.0,63087.615000000005,1623.438848,69977.0,63098.5416609551,2021-04-14 05:00:00+00:00
BTC/USD,04/15/2021,62965.16,61695.13,63866.3,61627.36,62746.83,840.557082,53260.0,62853.4823672693,2021-04-15 05:00:00+00:00
BTC/USD,04/16/2021,61711.46,62271.48,62561.4,60062.94,61312.17,1349.795389,72080.0,61460.5015140809,2021-04-16 05:00:00+00:00
BTC/USD,04/17/2021,62269.52,55000.0,62500.0,51722.01,57111.005000000005,1772.171548,83598.0,58035.2438698969,2021-04-17 05:00:00+00:00
BTC/USD,04/18/2021,55000.0,57052.0,57401.64,53150.39,55276.015,2484.20005,96172.0,55443.8066456326,2021-04-18 05:00:00+00:00
BTC/USD,04/19/2021,57052.0,55319.44,57600.0,53520.66,55560.33,2420.555737,88292.0,55529.4379322257,2021-04-19 05:00:00+00:00
BTC/USD,04/20/2021,55320.0,55431.8,57117.1,53415.7,55266.399999999994,2014.26823,85035.0,55753.2275976146,2021-04-20 05:00:00+00:00
BTC/USD,04/21/2021,55431.79,54266.55,56379.97,52600.0,54489.985,1701.800968,83303.0,54726.7806786391,2021-04-21 05:00:00+00:00
BTC/USD,04/22/2021,54276.69,49147.47,55459.57,48500.0,51979.785,2739.831835,111778.0,52294.1996076741,2021-04-22 05:00:00+00:00
BTC/USD,04/23/2021,49132.2,50480.93,51366.08,47475.0,49420.54,1910.420791,89916.0,49688.6340006587,2021-04-23 05:00:00+00:00
BTC/USD,04/24/2021,50473.23,49656.48,51079.24,48721.97,49900.604999999996,1016.284477,51532.0,50001.4303284686,2021-04-24 05:00:00+00:00
BTC/USD,04/25/2021,49679.19,52347.01,52801.01,47011.0,49906.005000000005,1843.711059,79643.0,49743.1428558145,2021-04-25 05:00:00+00:00
BTC/USD,04/26/2021,52364.01,53527.55,54413.68,52129.54,53271.61,1310.491523,63501.0,53520.820091867,2021-04-26 05:00:00+00:00
BTC/USD,04/27/2021,53528.84,54881.73,55781.09,53489.22,54635.155,990.784933,63410.0,54929.9353743315,2021-04-27 05:00:00+00:00
BTC/USD,04/28/2021,54886.13,53607.03,56491.0,53580.0,55035.5,916.780184,58370.0,54770.5533093085,2021-04-28 05:00:00+00:00
BTC/USD,04/29/2021,53607.03,54179.29,54748.49,52352.95,53550.72,871.856003,52777.0,53557.2074492597,2021-04-29 05:00:00+00:00
BTC/USD,04/30/2021,54176.58,58141.4,58526.98,53954.85,56240.915,1312.256321,69901.0,56745.0743360366,2021-04-30 05:00:00+00:00
BTC/USD,05/01/2021,58118.48,56948.84,58472.0,56231.63,57351.815,581.582432,44066.0,57534.2231985499,2021-05-01 05:00:00+00:00
BTC/USD,05/02/2021,56948.96,57846.84,58316.94,56084.56,57200.75,683.703283,42949.0,57005.7195239867,2021-05-02 05:00:00+00:00
BTC/USD,05/03/2021,57852.4,55860.24,58978.28,54687.64,56832.96,1230.697383,69971.0,57065.198058138,2021-05-03 05:00:00+00:00
BTC/USD,05/04/2021,55860.7,54545.41,56649.91,52946.9,54798.405,1585.145509,90988.0,54800.189209954,2021-05-04 05:00:00+00:00
BTC/USD,05/05/2021,54565.1,57011.83,57997.16,53965.2,55981.18,1390.516232,84915.0,56614.7086094667,2021-05-05 05:00:00+00:00
BTC/USD,05/06/2021,57016.22,55871.7,58431.01,55263.11,56847.06,1296.601255,80837.0,56604.6111480314,2021-05-06 05:00:00+00:00
BTC/USD,05/07/2021,55860.64,58118.42,58719.85,55624.46,57172.155,1137.77739,82535.0,57435.0300465292,2021-05-07 05:00:00+00:00
BTC/USD,05/08/2021,58118.42,58202.85,59549.79,57548.69,58549.240000000005,1478.502303,74346.0,58729.6429174718,2021-05-08 05:00:00+00:00
BTC/USD,05/09/2021,58196.56,59240.0,59586.81,56272.77,57929.78999999999,937.35951,60839.0,57952.4804152987,2021-05-09 05:00:00+00:00
BTC/USD,05/10/2021,59240.0,55374.76,59500.0,53617.27,56558.634999999995,1791.919874,95324.0,56488.8993197797,2021-05-10 05:00:00+00:00
BTC/USD,05/11/2021,55385.29,57414.82,58043.47,54655.65,56349.56,905.824264,62503.0,56276.2705813176,2021-05-11 05:00:00+00:00
BTC/USD,05/12/2021,57421.48,50514.88,57564.84,46302.22,51933.53,2870.355314,130452.0,52092.7376776479,2021-05-12 05:00:00+00:00
BTC/USD,05/13/2021,50491.12,49222.32,51413.21,47017.23,49215.22,2757.745797,113807.0,49358.725895436,2021-05-13 05:00:00+00:00
BTC/USD,05/14/2021,49254.58,49367.79,51566.38,48925.0,50245.69,1327.351552,73078.0,50250.7151238531,2021-05-14 05:00:00+00:00
BTC/USD,05/15/2021,49355.88,48101.33,49777.45,46499.0,48138.225,1447.561285,88475.0,48158.7432861909,2021-05-15 05:00:00+00:00
BTC/USD,05/16/2021,48099.99,43584.9,49788.77,42200.0,45994.384999999995,2957.116291,123002.0,45746.4511526523,2021-05-16 05:00:00+00:00
BTC/USD,05/17/2021,43584.77,45358.15,45822.27,42136.12,43979.195,2801.327096,131985.0,44032.5822384528,2021-05-17 05:00:00+00:00
BTC/USD,05/18/2021,45361.33,39310.0,45836.18,38500.0,42168.09,3200.405284,124809.0,42182.4982711498,2021-05-18 05:00:00+00:00
BTC/USD,05/19/2021,39302.06,39477.17,40767.57,30125.0,35446.285,6907.211148,218854.0,37466.5854275355,2021-05-19 05:00:00+00:00
BTC/USD,05/20/2021,39475.19,40018.57,42529.81,38209.65,40369.729999999996,3879.508331,161203.0,40587.8775011455,2021-05-20 05:00:00+00:00
BTC/USD,05/21/2021,40020.27,36349.98,41772.79,33511.02,37641.905,4944.887341,160455.0,37542.5971935797,2021-05-21 05:00:00+00:00
BTC/USD,05/22/2021,36347.23,37226.41,38871.0,35262.75,37066.875,2630.089345,121041.0,37538.0958005395,2021-05-22 05:00:00+00:00
BTC/USD,05/23/2021,37231.65,34935.48,37352.79,31120.0,34236.395000000004,5220.765007,150788.0,34088.7875450339,2021-05-23 05:00:00+00:00
BTC/USD,05/24/2021,34926.53,38402.96,39987.11,34822.07,37404.59,3213.149693,148603.0,37851.7281045631,2021-05-24 05:00:00+00:00
BTC/USD,05/25/2021,38426.0,39440.94,39729.52,36497.88,38113.7,2286.924128,119471.0,38061.7223553747,2021-05-25 05:00:00+00:00
BTC/USD,05/26/2021,39427.86,37780.18,40878.61,37195.49,39037.05,2768.343992,111576.0,39039.2451946449,2021-05-26 05:00:00+00:00
BTC/USD,05/27/2021,37788.05,37367.39,40425.27,37292.94,38859.104999999996,2137.787424,94227.0,38844.0893913513,2021-05-27 05:00:00+00:00
BTC/USD,05/28/2021,37357.7,35735.61,37600.88,34711.85,36156.365,3810.201591,132806.0,36143.8405998229,2021-05-28 05:00:00+00:00
BTC/USD,05/29/2021,35728.19,34754.31,37307.84,33428.38,35368.11,3191.975308,119590.0,34761.0924263192,2021-05-29 05:00:00+00:00
BTC/USD,05/30/2021,34754.28,34487.56,36526.68,34185.6,35356.14,1761.283682,77255.0,35559.5395262053,2021-05-30 05:00:00+00:00
BTC/USD,05/31/2021,34491.04,36754.85,37900.0,34221.83,36060.915,2145.896753,79510.0,36712.7813358267,2021-05-31 05:00:00+00:00
BTC/USD,06/01/2021,36750.0,36666.77,37450.97,35670.68,36560.825,3094.346908,89028.0,36339.3925854322,2021-06-01 05:00:00+00:00
BTC/USD,06/02/2021,36678.26,37973.25,38222.0,36505.63,37363.815,1781.622481,58592.0,37538.9872558333,2021-06-02 05:00:00+00:00
BTC/USD,06/03/2021,37973.25,37579.0,39490.3,37400.0,38445.15,1986.222314,64035.0,38569.1688925318,2021-06-03 05:00:00+00:00
BTC/USD,06/04/2021,37586.89,37694.07,37858.0,35609.12,36733.56,2597.909546,72777.0,36844.1608601839,2021-06-04 05:00:00+00:00
BTC/USD,06/05/2021,37709.89,36094.66,37917.26,34835.06,36376.16,2798.257444,72079.0,36060.9683442298,2021-06-05 05:00:00+00:00
BTC/USD,06/06/2021,36097.28,36277.14,36804.71,35236.52,36020.615,1712.577684,52019.0,36057.6962711056,2021-06-06 05:00:00+00:00
BTC/USD,06/07/2021,36268.2,32873.35,36793.97,32401.72,34597.845,2435.715493,80289.0,34591.3743804693,2021-06-07 05:00:00+00:00
BTC/USD,06/08/2021,32873.35,33000.0,33874.25,31028.34,32451.295,2434.238152,89556.0,32597.827771553,2021-06-08 05:00:00+00:00
BTC/USD,06/09/2021,32993.19,36818.72,37680.0,32929.29,35304.645000000004,3117.079182,105575.0,35972.5733686997,2021-06-09 05:00:00+00:00
BTC/USD,06/10/2021,36816.2,37056.87,38441.05,35819.93,37130.490000000005,2620.516893,94976.0,36954.1361884339,2021-06-10 05:00:00+00:00
BTC/USD,06/11/2021,37073.51,35244.76,37682.4,35114.74,36398.57,2065.59778,78740.0,36811.4399166636,2021-06-11 05:00:00+00:00
BTC/USD,06/12/2021,35242.58,35200.54,36217.06,34633.01,35425.035,1237.701681,56478.0,35521.8571116102,2021-06-12 05:00:00+00:00
BTC/USD,06/13/2021,35185.5,39283.89,39844.0,34837.2,37340.6,1910.387904,71308.0,37964.6825960571,2021-06-13 05:00:00+00:00
BTC/USD,06/14/2021,39280.87,40522.49,41050.92,38871.26,39961.09,2129.810934,76417.0,40101.542050236,2021-06-14 05:00:00+00:00
BTC/USD,06/15/2021,40524.04,40291.7,41391.73,39546.46,40469.095,1686.877036,63150.0,40237.5136364303,2021-06-15 05:00:00+00:00
BTC/USD,06/16/2021,40305.53,38825.69,40562.89,38111.0,39336.945,1841.063495,66437.0,38935.621571983,2021-06-16 05:00:00+00:00
BTC/USD,06/17/2021,38812.01,37936.56,39546.92,37212.48,38379.7,1975.898847,73402.0,38204.2663750622,2021-06-17 05:00:00+00:00
BTC/USD,06/18/2021,37941.58,35199.43,38116.68,34842.44,36479.56,2310.296678,87460.0,36213.397716148,2021-06-18 05:00:00+00:00
BTC/USD,06/19/2021,35205.35,35808.19,36457.37,35133.34,35795.354999999996,1727.799626,82696.0,35733.6236153487,2021-06-19 05:00:00+00:00
BTC/USD,06/20/2021,35806.71,34235.0,36121.12,33343.97,34732.545,2257.007939,84982.0,34696.590792778,2021-06-20 05:00:00+00:00
BTC/USD,06/21/2021,34235.0,32637.33,34554.62,31139.62,32847.12,4929.400458,128507.0,32538.3208830371,2021-06-21 05:00:00+00:00
BTC/USD,06/22/2021,32607.83,33822.39,34393.19,28810.0,31601.595,5373.792731,102194.0,31674.4630464843,2021-06-22 05:00:00+00:00
BTC/USD,06/23/2021,33820.24,32550.98,34835.26,32326.88,33581.07,2555.081469,87708.0,33588.6126404939,2021-06-23 05:00:00+00:00
BTC/USD,06/24/2021,32554.17,34768.44,35500.0,32483.11,33991.555,1908.997015,65912.0,34331.3597483249,2021-06-24 05:00:00+00:00
BTC/USD,06/25/2021,34774.43,32352.11,34884.6,31281.58,33083.09,2718.322078,102219.0,32491.9611218758,2021-06-25 05:00:00+00:00
BTC/USD,06/26/2021,32349.27,33166.36,33330.27,30167.0,31748.635,2823.927711,107573.0,31563.5152345827,2021-06-26 05:00:00+00:00
BTC/USD,06/27/2021,33166.45,34361.9,34984.97,32373.59,33679.28,1949.328076,73027.0,33536.2906115982,2021-06-27 05:00:00+00:00
BTC/USD,06/28/2021,34363.04,34864.02,35300.0,33800.33,34550.165,1727.789541,67848.0,34546.9026685651,2021-06-28 05:00:00+00:00
BTC/USD,06/29/2021,34882.67,34751.43,36625.0,34564.36,35594.68,1830.97139,69463.0,35749.1895568098,2021-06-29 05:00:00+00:00
BTC/USD,06/30/2021,34754.82,34335.13,35339.57,34051.91,34695.740000000005,1615.277597,63529.0,34712.1596421561,2021-06-30 05:00:00+00:00
BTC/USD,07/01/2021,34342.77,33146.55,34467.52,32676.72,33572.119999999995,1886.406823,65565.0,33414.5722574001,2021-07-01 05:00:00+00:00
BTC/USD,07/02/2021,33151.23,33665.62,33914.18,32705.88,33310.03,1453.150917,50689.0,33358.6800292535,2021-07-02 05:00:00+00:00
BTC/USD,07/03/2021,33680.79,34776.65,34954.45,33593.6,34274.024999999994,957.074248,38295.0,34544.7409054024,2021-07-03 05:00:00+00:00
BTC/USD,07/04/2021,34770.74,34209.85,35961.06,34038.61,34999.835,1081.102486,41564.0,35175.275475471,2021-07-04 05:00:00+00:00
BTC/USD,07/05/2021,34208.9,34667.26,34796.71,33139.82,33968.265,1143.564718,45776.0,33909.5181024887,2021-07-05 05:00:00+00:00
BTC/USD,07/06/2021,34677.74,34722.6,35130.98,33526.73,34328.855,1246.636578,51207.0,34157.1373767554,2021-07-06 05:00:00+00:00
BTC/USD,07/07/2021,34726.99,33318.67,35067.69,33058.86,34063.275,1033.147574,42913.0,34067.5751342028,2021-07-07 05:00:00+00:00
BTC/USD,07/08/2021,33316.04,33036.69,33520.14,32102.02,32811.08,1365.608107,55233.0,32758.6344291148,2021-07-08 05:00:00+00:00
BTC/USD,07/09/2021,33031.03,33657.03,34259.55,32621.23,33440.39,909.06038,39233.0,33502.9872650696,2021-07-09 05:00:00+00:00
BTC/USD,07/10/2021,33648.1,33459.62,34190.08,33027.45,33608.765,601.341591,26721.0,33598.0646409235,2021-07-10 05:00:00+00:00
BTC/USD,07/11/2021,33466.51,34297.75,34675.25,33374.43,34024.84,704.534984,30874.0,34121.6382697755,2021-07-11 05:00:00+00:00
BTC/USD,07/12/2021,34305.66,33118.06,34500.39,32662.27,33581.33,1277.919274,56280.0,33291.4820674379,2021-07-12 05:00:00+00:00
BTC/USD,07/13/2021,33120.36,31942.22,33343.92,31661.69,32502.805,1216.904936,58507.0,32526.0196066289,2021-07-13 05:00:00+00:00
BTC/USD,07/14/2021,31942.22,32652.52,33184.29,31577.13,32380.71,918.187402,43646.0,32575.379725149,2021-07-14 05:00:00+00:00
BTC/USD,07/15/2021,32663.45,31913.04,32663.45,31142.56,31903.005,1078.608129,62578.0,31796.9834818055,2021-07-15 05:00:00+00:00
BTC/USD,07/16/2021,31914.64,31395.9,32274.48,31025.01,31649.745,985.364098,59764.0,31708.1318138752,2021-07-16 05:00:00+00:00
BTC/USD,07/17/2021,31394.87,32086.33,32430.32,31264.27,31847.295,789.626368,42933.0,31826.4104354932,2021-07-17 05:00:00+00:00
BTC/USD,07/18/2021,32093.33,31745.48,32140.16,31143.03,31641.595,719.037274,36250.0,31625.9976350587,2021-07-18 05:00:00+00:00
BTC/USD,07/19/2021,31759.93,29667.11,31899.98,29509.14,30704.559999999998,1337.03087,61933.0,30619.9394186298,2021-07-19 05:00:00+00:00
BTC/USD,07/20/2021,29666.06,30697.42,30803.64,29295.61,30049.625,1234.390943,65743.0,29817.545488124,2021-07-20 05:00:00+00:00
BTC/USD,07/21/2021,30698.54,32058.49,32853.53,30559.5,31706.515,1685.076659,50437.0,31781.2266958398,2021-07-21 05:00:00+00:00
BTC/USD,07/22/2021,32062.68,32690.24,32794.53,31727.19,32260.86,844.580569,25429.0,32243.8730338571,2021-07-22 05:00:00+00:00
BTC/USD,07/23/2021,32689.1,33708.83,33855.04,31999.99,32927.515,891.55826,28135.0,32877.3683162584,2021-07-23 05:00:00+00:00
BTC/USD,07/24/2021,33724.86,34383.22,34518.0,33562.5,34040.25,889.658537,28590.0,34036.2454764946,2021-07-24 05:00:00+00:00
BTC/USD,07/25/2021,34391.59,38295.07,39764.32,33883.79,36824.055,2017.955086,49688.0,36747.0428336927,2021-07-25 05:00:00+00:00
BTC/USD,07/26/2021,38300.0,36977.92,40567.3,36413.49,38490.395000000004,3974.819824,83940.0,38129.8242712849,2021-07-26 05:00:00+00:00
BTC/USD,07/27/2021,36976.07,39696.1,40354.91,36911.68,38633.295,3334.746042,78649.0,38558.9391084499,2021-07-27 05:00:00+00:00
BTC/USD,07/28/2021,39695.13,39992.64,40917.92,38810.1,39864.009999999995,3374.14022,86675.0,39902.6834951554,2021-07-28 05:00:00+00:00
BTC/USD,07/29/2021,39985.43,39818.53,40650.0,39408.92,40029.46,1436.873181,42458.0,39942.0296648924,2021-07-29 05:00:00+00:00
BTC/USD,07/30/2021,39818.53,41831.83,42416.99,38342.35,40379.67,2242.883349,57759.0,40517.1798063173,2021-07-30 05:00:00+00:00
BTC/USD,07/31/2021,41832.57,42067.31,42610.97,41067.5,41839.235,1403.424506,40338.0,41681.3617267435,2021-07-31 05:00:00+00:00
BTC/USD,08/01/2021,42074.92,39669.64,42169.58,39250.0,40709.79,1934.850029,47595.0,40713.5186771138,2021-08-01 05:00:00+00:00
BTC/USD,08/02/2021,39665.94,38327.39,40464.42,38235.34,39349.88,1778.830348,44321.0,39319.5284686837,2021-08-02 05:00:00+00:00
BTC/USD,08/03/2021,38320.88,37951.49,38805.06,37620.0,38212.53,2061.853402,50757.0,38208.5904562039,2021-08-03 05:00:00+00:00
BTC/USD,08/04/2021,37958.74,39357.93,39969.15,37502.0,38735.575,2386.514786,56872.0,39068.4861983541,2021-08-04 05:00:00+00:00
BTC/USD,08/05/2021,39354.17,40168.01,41414.61,37326.25,39370.43,3598.240831,78479.0,39416.0573542522,2021-08-05 05:00:00+00:00
BTC/USD,08/06/2021,40168.01,43319.48,43954.66,40131.21,42042.935,2524.008284,68081.0,42314.2949887727,2021-08-06 05:00:00+00:00
BTC/USD,08/07/2021,43327.36,44373.84,44814.67,42472.2,43643.435,2486.366718,68605.0,43791.7249548688,2021-08-07 05:00:00+00:00
BTC/USD,08/08/2021,44374.68,43610.33,45354.0,42812.33,44083.165,2977.230434,74992.0,44037.5214084229,2021-08-08 05:00:00+00:00
BTC/USD,08/09/2021,43606.1,45474.1,46740.0,43293.79,45016.895000000004,2213.606631,70657.0,45579.3570128881,2021-08-09 05:00:00+00:00
BTC/USD,08/10/2021,45463.81,45624.73,46174.98,44652.99,45413.985,1513.594201,56274.0,45501.3785706024,2021-08-10 05:00:00+00:00
BTC/USD,08/11/2021,45651.16,45603.91,46775.48,45405.0,46090.240000000005,1657.3512,59105.0,46129.0035888825,2021-08-11 05:00:00+00:00
BTC/USD,08/12/2021,45603.79,45276.56,45672.22,43800.0,44736.11,2124.586659,59803.0,44673.0350132685,2021-08-12 05:00:00+00:00
BTC/USD,08/13/2021,45267.6,47485.85,47911.11,45140.06,46525.585,1344.073457,50463.0,46793.0175359269,2021-08-13 05:00:00+00:00
BTC/USD,08/14/2021,47485.82,46747.58,48177.53,46039.08,47108.305,1477.087859,50718.0,46895.4879192403,2021-08-14 05:00:00+00:00
BTC/USD,08/15/2021,46750.0,47426.45,48063.64,45507.26,46785.45,1789.694345,58463.0,46670.6362070038,2021-08-15 05:00:00+00:00
BTC/USD,08/16/2021,47426.45,46394.91,47749.09,45250.0,46499.545,1692.403875,64949.0,46439.1115463166,2021-08-16 05:00:00+00:00
BTC/USD,08/17/2021,46391.41,45082.78,47165.97,44200.0,45682.985,1947.147594,87228.0,45504.8660885169,2021-08-17 05:00:00+00:00
BTC/USD,08/18/2021,45075.78,44133.99,46025.46,43940.12,44982.79,1449.488259,73449.0,45026.8501812822,2021-08-18 05:00:00+00:00
BTC/USD,08/19/2021,44142.09,47100.85,47401.35,44045.95,45723.649999999994,1512.174513,70746.0,45939.5977059922,2021-08-19 05:00:00+00:00
BTC/USD,08/20/2021,47099.06,48649.63,49421.07,46713.13,48067.1,1599.208109,68923.0,48313.2624008608,2021-08-20 05:00:00+00:00
BTC/USD,08/21/2021,48650.81,49162.91,49830.18,48280.0,49055.09,1158.872682,57685.0,49068.2113301006,2021-08-21 05:00:00+00:00
BTC/USD,08/22/2021,49150.36,50336.36,50427.43,48043.66,49235.545,1256.831348,53600.0,49287.0497104444,2021-08-22 05:00:00+00:00
BTC/USD,08/23/2021,50343.54,49498.28,50551.66,48785.5,49668.58,954.577177,43605.0,49682.7373280673,2021-08-23 05:00:00+00:00
BTC/USD,08/24/2021,49498.28,48017.23,49875.73,47601.0,48738.365000000005,1189.374031,57782.0,48473.1792098493,2021-08-24 05:00:00+00:00
BTC/USD,08/25/2021,48014.12,47883.51,49399.74,47131.39,48265.565,1140.927469,59227.0,48281.6207822969,2021-08-25 05:00:00+00:00
BTC/USD,08/26/2021,47881.44,46929.71,48057.45,46300.0,47178.725,1513.295697,67497.0,47021.2380084338,2021-08-26 05:00:00+00:00
BTC/USD,08/27/2021,46926.8,48987.24,49315.0,46863.45,48089.225,1004.897554,49857.0,48177.0637029759,2021-08-27 05:00:00+00:00
BTC/USD,08/28/2021,48982.89,48187.85,49666.66,47800.0,48733.33,775.085981,40810.0,48811.0795728986,2021-08-28 05:00:00+00:00
BTC/USD,08/29/2021,48183.72,47894.73,49412.15,47771.68,48591.915,754.02074,40360.0,48556.4715723534,2021-08-29 05:00:00+00:00
BTC/USD,08/30/2021,47882.13,47070.0,48719.9,46707.65,47713.775,1114.558906,48768.0,47678.7524726764,2021-08-30 05:00:00+00:00
BTC/USD,08/31/2021,47070.69,47158.98,48276.66,46539.06,47407.86,1082.846554,54291.0,47298.987978607,2021-08-31 05:00:00+00:00
BTC/USD,09/01/2021,47171.91,49400.24,49900.0,47111.12,48505.56,1366.150934,60156.0,48458.4336728343,2021-09-01 05:00:00+00:00
BTC/USD,09/02/2021,49396.62,49721.04,50380.0,48360.0,49370.0,1327.109976,60699.0,49510.3835298914,2021-09-02 05:00:00+00:00
BTC/USD,09/03/2021,49724.08,50345.73,51056.86,49228.0,50142.43,1395.091498,59269.0,50220.2998742426,2021-09-03 05:00:00+00:00
BTC/USD,09/04/2021,50353.24,49857.97,50551.31,49404.0,49977.655,698.145572,34929.0,49980.622688109,2021-09-04 05:00:00+00:00
BTC/USD,09/05/2021,49857.97,51710.42,51968.84,49483.6,50726.22,926.515447,42656.0,50970.8105875425,2021-09-05 05:00:00+00:00
BTC/USD,09/06/2021,51710.42,52539.77,52948.52,51018.35,51983.435,1022.978606,48692.0,52039.5914633739,2021-09-06 05:00:00+00:00
BTC/USD,09/07/2021,52538.93,46442.54,52746.79,42600.0,47673.395000000004,2940.933084,123924.0,48274.7665201807,2021-09-07 05:00:00+00:00
BTC/USD,09/08/2021,46458.48,46170.2,46869.0,44423.0,45646.0,1562.693406,81920.0,45994.8272568236,2021-09-08 05:00:00+00:00
BTC/USD,09/09/2021,46173.21,46577.05,47395.22,45630.0,46512.61,1360.36124,64926.0,46590.3411685672,2021-09-09 05:00:00+00:00
BTC/USD,09/10/2021,46563.07,45308.72,46753.56,44129.75,45441.655,1407.648332,68073.0,45478.1256072813,2021-09-10 05:00:00+00:00
BTC/USD,09/11/2021,45306.08,45345.58,45998.0,44750.0,45374.0,702.8172,42707.0,45338.4821353244,2021-09-11 05:00:00+00:00
BTC/USD,09/12/2021,45349.24,44728.45,46465.51,44491.52,45478.515,1102.391708,53147.0,45546.0838151067,2021-09-12 05:00:00+00:00
BTC/USD,09/13/2021,44720.64,45105.71,46902.02,43439.74,45170.88,1841.564714,72086.0,44792.8596899029,2021-09-13 05:00:00+00:00
BTC/USD,09/14/2021,45098.64,46880.87,47491.92,45060.48,46276.2,1300.613105,52732.0,46564.8949253971,2021-09-14 05:00:00+00:00
BTC/USD,09/15/2021,46882.16,48304.94,48500.0,46711.02,47605.509999999995,1057.020893,47040.0,47823.8937082344,2021-09-15 05:00:00+00:00
BTC/USD,09/16/2021,48302.43,48098.98,48502.76,47023.27,47763.015,839.723717,37707.0,47765.6050571007,2021-09-16 05:00:00+00:00
BTC/USD,09/17/2021,48088.39,48337.13,48343.57,46750.0,47546.785,1210.549541,45368.0,47448.92739511,2021-09-17 05:00:00+00:00
BTC/USD,09/18/2021,48337.13,47861.08,48820.08,47603.01,48211.545,1035.118777,38491.0,48293.6441027718,2021-09-18 05:00:00+00:00
BTC/USD,09/19/2021,47849.09,45660.89,48343.12,45156.84,46749.979999999996,1284.04755,45769.0,46876.7600708111,2021-09-19 05:00:00+00:00
BTC/USD,09/20/2021,45650.97,42417.16,45838.04,40121.0,42979.520000000004,4513.037096,116143.0,43445.6833612641,2021-09-20 05:00:00+00:00
BTC/USD,09/21/2021,42422.87,41903.07,43636.36,39587.55,41611.955,2372.735725,91108.0,41883.1544916921,2021-09-21 05:00:00+00:00
BTC/USD,09/22/2021,41906.25,44062.74,44311.0,41840.82,43075.91,1359.502874,58057.0,43246.9959724007,2021-09-22 05:00:00+00:00
BTC/USD,09/23/2021,44053.15,44291.33,45020.0,43391.77,44205.884999999995,1915.934455,57372.0,44264.5540453084,2021-09-23 05:00:00+00:00
BTC/USD,09/24/2021,44280.24,42723.34,45169.49,40716.77,42943.13,1971.201723,71107.0,42517.4360673738,2021-09-24 05:00:00+00:00
BTC/USD,09/25/2021,42726.6,42241.87,42986.56,41668.63,42327.595,1307.455202,41376.0,42464.392515413,2021-09-25 05:00:00+00:00
BTC/USD,09/26/2021,42264.7,44025.85,44370.51,40192.16,42281.33500000001,1176.872245,47901.0,42875.886566086,2021-09-26 05:00:00+00:00
BTC/USD,09/27/2021,44025.85,42638.97,44262.63,41959.94,43111.285,1193.949276,52390.0,43129.946236028,2021-09-27 05:00:00+00:00
BTC/USD,09/28/2021,42647.96,42261.0,42732.05,40758.73,41745.39,1745.843361,62948.0,41827.5103503793,2021-09-28 05:00:00+00:00
BTC/USD,09/29/2021,42253.43,43503.35,43825.92,40886.31,42356.115,1145.716715,40274.0,41863.0917735122,2021-09-29 05:00:00+00:00
BTC/USD,09/30/2021,43550.68,43628.74,44114.34,42726.79,43420.565,1261.948895,56628.0,43444.1488439167,2021-09-30 05:00:00+00:00
BTC/USD,10/01/2021,43626.8,47597.4,48483.69,43526.85,46005.270000000004,1644.304735,87313.0,47041.7825334526,2021-10-01 05:00:00+00:00
BTC/USD,10/02/2021,47597.98,47910.16,48356.54,47107.03,47731.785,638.63734,47329.0,47828.4702580902,2021-10-02 05:00:00+00:00
BTC/USD,10/03/2021,47910.16,47777.43,49242.66,47260.0,48251.33,736.988554,53955.0,48213.720553095,2021-10-03 05:00:00+00:00
BTC/USD,10/04/2021,47779.77,49179.24,49789.81,46920.85,48355.33,1063.575576,74057.0,48592.9112391714,2021-10-04 05:00:00+00:00
BTC/USD,10/05/2021,49179.24,51344.28,51917.0,49149.03,50533.015,1195.2431,73774.0,50636.5661115822,2021-10-05 05:00:00+00:00
BTC/USD,10/06/2021,51339.12,55090.3,55777.52,50417.56,53097.53999999999,2493.398404,104685.0,54137.5642865665,2021-10-06 05:00:00+00:00
BTC/USD,10/07/2021,55084.71,53904.9,55084.71,53391.37,54238.04,1365.922668,51905.0,54144.873641546,2021-10-07 05:00:00+00:00
BTC/USD,10/08/2021,53880.6,54697.44,56101.49,53644.06,54872.774999999994,1045.525108,57428.0,54627.7709232409,2021-10-08 05:00:00+00:00
BTC/USD,10/09/2021,54697.44,55856.35,56000.0,54115.77,55057.884999999995,528.133516,36380.0,54973.1830431157,2021-10-09 05:00:00+00:00
BTC/USD,10/10/2021,55874.96,56485.98,56760.41,54366.76,55563.58500000001,882.133359,53176.0,55443.7764998967,2021-10-10 05:00:00+00:00
BTC/USD,10/11/2021,56487.3,56978.24,57841.26,55866.31,56853.785,1012.993764,58638.0,57046.5833343695,2021-10-11 05:00:00+00:00
BTC/USD,10/12/2021,56989.94,56088.46,57687.0,53898.54,55792.770000000004,1352.298727,59447.0,56061.4757865216,2021-10-12 05:00:00+00:00
BTC/USD,10/13/2021,56083.65,57986.27,58570.18,54221.08,56395.630000000005,2050.990577,69742.0,56172.7010007883,2021-10-13 05:00:00+00:00
BTC/USD,10/14/2021,58000.0,59604.0,59734.99,56838.47,58286.729999999996,1402.31208,49850.0,58008.4400151269,2021-10-14 05:00:00+00:00
BTC/USD,10/15/2021,59604.0,61725.36,62900.95,58752.94,60826.945,2350.213703,74823.0,60849.9683968695,2021-10-15 05:00:00+00:00
BTC/USD,10/16/2021,61724.73,60905.72,62352.09,60153.11,61252.6,943.492642,33255.0,61119.1379615608,2021-10-16 05:00:00+00:00
BTC/USD,10/17/2021,60911.56,62373.62,62558.17,58908.93,60733.55,1260.489432,45148.0,60870.7417174808,2021-10-17 05:00:00+00:00
BTC/USD,10/18/2021,62361.72,62414.34,62982.13,59858.58,61420.354999999996,1707.638368,55783.0,61636.8085894527,2021-10-18 05:00:00+00:00
BTC/USD,10/19/2021,62450.0,64052.14,64490.61,61358.54,62924.575,1703.929069,57145.0,63157.5468439476,2021-10-19 05:00:00+00:00
BTC/USD,10/20/2021,64050.55,65050.04,66996.28,63517.23,65256.755000000005,2148.165472,68950.0,65519.6851787523,2021-10-20 05:00:00+00:00
BTC/USD,10/21/2021,65056.48,63057.9,66650.04,8200.0,37425.02,2495.290764,75315.0,59442.8812012573,2021-10-21 05:00:00+00:00
BTC/USD,10/22/2021,63072.8,61158.23,63752.79,59930.21,61841.5,1589.794957,52370.0,61575.9295368772,2021-10-22 05:00:00+00:00
BTC/USD,10/23/2021,61153.25,60999.26,61742.15,59650.0,60696.075,708.094922,33442.0,60994.973655652,2021-10-23 05:00:00+00:00
BTC/USD,10/24/2021,60999.83,62037.36,62229.26,59520.87,60875.065,996.098546,36922.0,60757.0286493841,2021-10-24 05:00:00+00:00
BTC/USD,10/25/2021,62072.47,62455.03,63706.11,61808.15,62757.130000000005,854.653859,31145.0,62957.2163521242,2021-10-25 05:00:00+00:00
BTC/USD,10/26/2021,62441.97,61198.88,63132.63,59846.56,61489.595,1309.89957,44299.0,61384.8886745428,2021-10-26 05:00:00+00:00
BTC/USD,10/27/2021,61203.35,58831.23,61408.13,58063.95,59736.03999999999,1962.644132,63835.0,58975.1996224767,2021-10-27 05:00:00+00:00
BTC/USD,10/28/2021,58825.0,61539.53,62495.18,57894.73,60194.955,2308.816414,68896.0,60535.5078271344,2021-10-28 05:00:00+00:00
BTC/USD,10/29/2021,61500.0,61491.34,62960.12,60367.19,61663.655,1265.73011,46983.0,61687.8674524347,2021-10-29 05:00:00+00:00
BTC/USD,10/30/2021,61467.94,61440.6,62423.0,60750.0,61586.5,942.464168,36586.0,61616.8054888412,2021-10-30 05:00:00+00:00
BTC/USD,10/31/2021,61429.14,60538.0,61782.93,59469.05,60625.990000000005,1237.457521,40516.0,60662.4966290738,2021-10-31 05:00:00+00:00
BTC/USD,11/01/2021,60548.78,61450.33,62491.78,60307.43,61399.604999999996,1202.695032,51961.0,61422.9901758554,2021-11-01 05:00:00+00:00
BTC/USD,11/02/2021,61460.41,62838.48,64303.94,61337.44,62820.69,1194.740238,55902.0,63088.1172284482,2021-11-02 05:00:00+00:00
BTC/USD,11/03/2021,62815.07,62721.24,63560.71,60122.59,61841.649999999994,1112.221684,46517.0,62395.4858205755,2021-11-03 05:00:00+00:00
BTC/USD,11/04/2021,62714.29,62131.68,62782.04,60720.0,61751.020000000004,908.858423,48486.0,61637.5450602601,2021-11-04 05:00:00+00:00
BTC/USD,11/05/2021,62141.13,61250.54,62637.26,60778.01,61707.635,747.11607,38409.0,61404.652081971,2021-11-05 05:00:00+00:00
BTC/USD,11/06/2021,61250.55,62220.35,62369.52,60112.06,61240.78999999999,672.863854,32010.0,61128.5469049523,2021-11-06 05:00:00+00:00
BTC/USD,11/07/2021,62231.91,65480.08,65673.82,61529.41,63601.615000000005,901.594778,45942.0,63789.226008345,2021-11-07 05:00:00+00:00
BTC/USD,11/08/2021,65496.49,68145.33,68577.46,65209.73,66893.595,1260.7241,59744.0,66802.4159631166,2021-11-08 06:00:00+00:00
BTC/USD,11/09/2021,68144.05,66350.0,68278.89,66251.04,67264.965,876.734204,46907.0,67194.5920928786,2021-11-09 06:00:00+00:00
BTC/USD,11/10/2021,66348.47,64709.62,69025.05,62682.78,65853.91500000001,1966.168103,83414.0,66056.2942999705,2021-11-10 06:00:00+00:00
BTC/USD,11/11/2021,64701.6,64696.45,65609.51,64070.99,64840.25,766.815788,36875.0,64964.220645212,2021-11-11 06:00:00+00:00
BTC/USD,11/12/2021,64696.64,63613.42,65005.2,62276.67,63640.935,1102.928467,49280.0,63729.9774324757,2021-11-12 06:00:00+00:00
BTC/USD,11/13/2021,63621.01,64897.16,65322.86,63380.62,64351.740000000005,424.569533,26859.0,64445.3669413979,2021-11-13 06:00:00+00:00
BTC/USD,11/14/2021,64917.21,65719.39,66201.31,63590.7,64896.005,678.382118,36320.0,64841.8754382244,2021-11-14 06:00:00+00:00
BTC/USD,11/15/2021,65716.1,60959.04,66355.15,60385.22,63370.185,1363.10351,64141.0,62936.1910996304,2021-11-15 06:00:00+00:00
BTC/USD,11/16/2021,60955.2,59643.61,61406.07,58585.49,59995.78,1682.873591,66559.0,60104.7270609927,2021-11-16 06:00:00+00:00
BTC/USD,11/17/2021,59627.0,59831.5,60988.03,58395.0,59691.515,861.384621,38445.0,60072.6265087441,2021-11-17 06:00:00+00:00
BTC/USD,11/18/2021,59821.99,56437.4,60063.01,55629.07,57846.04,2237.47419,84549.0,57737.253923829,2021-11-18 06:00:00+00:00
BTC/USD,11/19/2021,56445.36,58456.25,59035.37,55900.01,57467.69,964.751214,47937.0,57756.4852007059,2021-11-19 06:00:00+00:00
BTC/USD,11/20/2021,58451.21,59059.7,59889.0,57415.64,58652.32,586.33964,29852.0,58823.2650977908,2021-11-20 06:00:00+00:00
BTC/USD,11/21/2021,59064.43,57501.95,60082.66,56821.88,58452.270000000004,841.328031,35992.0,58612.819927153,2021-11-21 06:00:00+00:00
BTC/USD,11/22/2021,57501.37,56565.05,59495.7,55647.32,57571.509999999995,1188.033009,51503.0,57156.9278283123,2021-11-22 06:00:00+00:00
BTC/USD,11/23/2021,56577.47,56615.47,57879.45,55394.56,56637.005,1296.077064,53299.0,56917.0102983237,2021-11-23 06:00:00+00:00
BTC/USD,11/24/2021,56621.38,57148.7,58291.04,55874.26,57082.65,831.128332,39889.0,56985.7046067313,2021-11-24 06:00:00+00:00
BTC/USD,11/25/2021,57145.44,57883.14,59443.07,57116.04,58279.555,805.637875,35868.0,58437.2240141855,2021-11-25 06:00:00+00:00
BTC/USD,11/26/2021,57873.03,54300.53,57952.33,53521.0,55736.665,1583.618096,63823.0,54865.0396676721,2021-11-26 06:00:00+00:00
BTC/USD,11/27/2021,54294.62,54428.0,55312.53,53724.44,54518.485,606.542081,30947.0,54616.1951424288,2021-11-27 06:00:00+00:00
BTC/USD,11/28/2021,54422.11,57398.73,58269.51,53322.69,55796.100000000006,928.09942,37667.0,55894.8849169562,2021-11-28 06:00:00+00:00
BTC/USD,11/29/2021,57394.56,56321.17,58905.26,56321.17,57613.215,770.531611,37824.0,57606.974908563,2021-11-29 06:00:00+00:00
BTC/USD,11/30/2021,56321.18,56824.6,59247.36,55919.0,57583.18,1064.362366,52209.0,57482.1094346151,2021-11-30 06:00:00+00:00
BTC/USD,12/01/2021,56824.57,56958.02,59100.0,55831.89,57465.945,1082.002107,52234.0,57299.3240302751,2021-12-01 06:00:00+00:00
BTC/USD,12/02/2021,56952.7,56775.18,57408.43,56059.77,56734.1,791.784537,37008.0,56630.6470955577,2021-12-02 06:00:00+00:00
BTC/USD,12/03/2021,56791.71,47733.07,57655.99,42000.0,49827.994999999995,2770.290534,100869.0,51790.2331030004,2021-12-03 06:00:00+00:00
BTC/USD,12/04/2021,47750.51,49478.63,49722.06,46206.11,47964.085,1900.488085,75208.0,48052.8121487996,2021-12-04 06:00:00+00:00
BTC/USD,12/05/2021,49485.48,48730.38,49752.72,47811.15,48781.935,1150.899265,47662.0,48984.0471992967,2021-12-05 06:00:00+00:00
BTC/USD,12/06/2021,48718.93,50952.21,51462.99,47177.3,49320.145000000004,1648.142725,60714.0,49048.3770462289,2021-12-06 06:00:00+00:00
BTC/USD,12/07/2021,50941.5,50443.35,51992.07,50068.71,51030.39,809.710276,37158.0,50925.1117846724,2021-12-07 06:00:00+00:00
BTC/USD,12/08/2021,50457.81,49810.82,51241.96,48653.06,49947.509999999995,954.638637,39661.0,50087.595470731,2021-12-08 06:00:00+00:00
BTC/USD,12/09/2021,49809.04,48263.62,50373.58,47335.0,48854.29,1153.9741,48086.0,48485.8043306014,2021-12-09 06:00:00+00:00
BTC/USD,12/10/2021,48263.69,48329.77,50108.51,46716.14,48412.325,1336.488595,52013.0,48223.484706033,2021-12-10 06:00:00+00:00
BTC/USD,12/11/2021,48349.79,49000.0,49713.5,47805.74,48759.619999999995,660.863215,30290.0,48782.1904634341,2021-12-11 06:00:00+00:00
BTC/USD,12/12/2021,49000.0,49280.95,50813.15,48472.72,49642.935,795.113296,33532.0,49671.4606228485,2021-12-12 06:00:00+00:00
BTC/USD,12/13/2021,49277.1,46714.14,49339.77,45744.38,47542.075,1547.829769,55735.0,47139.5695302821,2021-12-13 06:00:00+00:00
BTC/USD,12/14/2021,46715.17,48121.81,48769.23,46339.1,47554.165,1021.640791,42083.0,47420.5282930633,2021-12-14 06:00:00+00:00
BTC/USD,12/15/2021,48125.67,48537.67,49500.0,46547.0,48023.5,1469.992279,52317.0,48241.510436501,2021-12-15 06:00:00+00:00
BTC/USD,12/16/2021,48538.32,47717.91,49455.55,47406.95,48431.25,748.723828,33564.0,48299.3481255704,2021-12-16 06:00:00+00:00
BTC/USD,12/17/2021,47728.8,46610.4,47762.08,45471.57,46616.825,1148.914519,49659.0,46479.422428481,2021-12-17 06:00:00+00:00
BTC/USD,12/18/2021,46618.89,47622.18,48094.3,46221.37,47157.83500000001,561.862162,28263.0,47031.1320664663,2021-12-18 06:00:00+00:00
BTC/USD,12/19/2021,47626.5,46443.55,48336.74,46243.5,47290.119999999995,786.962408,33541.0,47052.468554167,2021-12-19 06:00:00+00:00
BTC/USD,12/20/2021,46428.99,48600.71,48835.47,45566.22,47200.845,1280.552219,43853.0,46819.2171743046,2021-12-20 06:00:00+00:00
BTC/USD,12/21/2021,48600.71,48981.12,49584.81,48308.85,48946.83,747.197961,31371.0,48859.0295533306,2021-12-21 06:00:00+00:00
BTC/USD,12/22/2021,48992.64,48402.75,49545.85,48051.41,48798.630000000005,573.143357,26803.0,48739.4942599465,2021-12-22 06:00:00+00:00
BTC/USD,12/23/2021,48400.32,51034.01,51535.63,48056.98,49796.305,899.290712,36057.0,50079.9983175899,2021-12-23 06:00:00+00:00
BTC/USD,12/24/2021,51032.78,50914.29,51853.65,50450.0,51151.825,508.759945,25061.0,51108.459786881,2021-12-24 06:00:00+00:00
BTC/USD,12/25/2021,50911.84,49910.01,51167.03,49647.12,50407.075,527.906905,23526.0,50444.793929663,2021-12-25 06:00:00+00:00
BTC/USD,12/26/2021,49895.91,50886.55,51308.75,49463.75,50386.25,592.95131,25056.0,50480.8787458837,2021-12-26 06:00:00+00:00
BTC/USD,12/27/2021,50873.52,49232.14,52148.5,48690.26,50419.380000000005,836.325554,36364.0,50609.9787231995,2021-12-27 06:00:00+00:00
BTC/USD,12/28/2021,49215.95,47881.3,49461.87,47313.0,48387.435,798.594475,34353.0,48309.070561734,2021-12-28 06:00:00+00:00
BTC/USD,12/29/2021,47918.98,46767.25,48076.44,45950.21,47013.325,965.007189,38079.0,47104.0683849039,2021-12-29 06:00:00+00:00
BTC/USD,12/30/2021,46760.87,47285.73,47924.27,46700.0,47312.134999999995,596.512445,26773.0,47268.1422833577,2021-12-30 06:00:00+00:00
BTC/USD,12/31/2021,47289.11,47200.02,48575.71,45665.92,47120.815,1073.858376,38984.0,47077.3444498096,2021-12-31 06:00:00+00:00
BTC/USD,01/01/2022,47190.56,47095.67,47950.0,46722.08,47336.04,468.152221,23361.0,47297.0343190694,2022-01-01 06:00:00+00:00
BTC/USD,01/02/2022,47087.56,47098.88,47992.0,46668.46,47330.229999999996,443.889422,22218.0,47195.4504791315,2022-01-02 06:00:00+00:00
BTC/USD,01/03/2022,47102.58,46154.6,47568.95,45700.83,46634.89,783.384691,29891.0,46514.2672853662,2022-01-03 06:00:00+00:00
BTC/USD,01/04/2022,46153.0,46314.83,47527.78,45547.55,46537.665,850.111475,29224.0,46453.8869749854,2022-01-04 06:00:00+00:00
BTC/USD,01/05/2022,46303.77,43051.65,47066.7,42460.0,44763.35,1882.128273,58070.0,44573.0548252435,2022-01-05 06:00:00+00:00
BTC/USD,01/06/2022,43061.81,41846.64,43588.75,40957.53,42273.14,1166.578757,40734.0,42496.15373592,2022-01-06 06:00:00+00:00
BTC/USD,01/07/2022,41842.24,41979.2,42758.62,40618.07,41688.345,1155.400932,37939.0,41750.3143531464,2022-01-07 06:00:00+00:00
BTC/USD,01/08/2022,41975.42,41764.21,42317.98,40500.0,41408.990000000005,1046.241144,32257.0,41501.3873666112,2022-01-08 06:00:00+00:00
BTC/USD,01/09/2022,41767.53,42035.32,42799.57,41200.02,41999.795,625.424101,24070.0,41951.073856399,2022-01-09 06:00:00+00:00
BTC/USD,01/10/2022,42036.19,42116.32,42394.19,39648.0,41021.095,1845.296197,46553.0,41159.9187394138,2022-01-10 06:00:00+00:00
BTC/USD,01/11/2022,42114.04,42716.29,43123.93,41278.35,42201.14,955.261985,31487.0,42346.5014436607,2022-01-11 06:00:00+00:00
BTC/USD,01/12/2022,42725.68,43699.9,44344.9,42483.94,43414.42,805.675808,27383.0,43602.1731665058,2022-01-12 06:00:00+00:00
BTC/USD,01/13/2022,43700.28,42925.15,44443.98,42328.87,43386.425,907.780937,30930.0,43178.9985256452,2022-01-13 06:00:00+00:00
BTC/USD,01/14/2022,42918.83,43011.48,43466.46,41775.37,42620.915,814.671455,28709.0,42773.5580076652,2022-01-14 06:00:00+00:00
BTC/USD,01/15/2022,43017.4,42984.07,43828.92,42583.22,43206.07,506.49202,21088.0,43233.8126998251,2022-01-15 06:00:00+00:00
BTC/USD,01/16/2022,42980.16,42687.9,43500.58,42356.09,42928.335,424.308617,21851.0,42959.1645859262,2022-01-16 06:00:00+00:00
BTC/USD,01/17/2022,42699.64,42133.21,42981.89,41560.87,42271.380000000005,502.989822,23790.0,42282.2003612194,2022-01-17 06:00:00+00:00
BTC/USD,01/18/2022,42128.58,41772.61,42683.51,41289.0,41986.255000000005,713.969584,30615.0,41862.9796729147,2022-01-18 06:00:00+00:00
BTC/USD,01/19/2022,41785.29,41904.53,42579.07,41157.84,41868.455,952.102386,31357.0,41914.0898483863,2022-01-19 06:00:00+00:00
BTC/USD,01/20/2022,41905.29,38913.96,43506.83,38240.27,40873.55,1932.446179,57975.0,41055.8184271194,2022-01-20 06:00:00+00:00
BTC/USD,01/21/2022,38921.99,35748.15,39291.1,35427.64,37359.369999999995,2331.879032,72319.0,37562.9195214101,2022-01-21 06:00:00+00:00
BTC/USD,01/22/2022,35747.5,35455.29,36179.48,34035.0,35107.240000000005,2053.245074,64570.0,35162.4486287406,2022-01-22 06:00:00+00:00
BTC/USD,01/23/2022,35455.77,35203.46,36518.24,34613.42,35565.83,1323.120097,43033.0,35522.6783285622,2022-01-23 06:00:00+00:00
BTC/USD,01/24/2022,35194.26,36079.09,37569.72,32946.89,35258.305,2839.002488,81644.0,34828.8659121034,2022-01-24 06:00:00+00:00
BTC/USD,01/25/2022,36068.33,37631.76,37997.03,35714.9,36855.965,1623.059634,50207.0,36810.5404475822,2022-01-25 06:00:00+00:00
BTC/USD,01/26/2022,37631.08,35995.17,38941.17,35543.39,37242.28,1964.482808,69110.0,37383.4408578165,2022-01-26 06:00:00+00:00
BTC/USD,01/27/2022,35989.98,37210.23,37470.31,35538.87,36504.59,1193.308829,42861.0,36548.7146810431,2022-01-27 06:00:00+00:00
BTC/USD,01/28/2022,37223.53,37672.33,38041.21,36170.53,37105.869999999995,1013.905687,39751.0,37179.1196504081,2022-01-28 06:00:00+00:00
BTC/USD,01/29/2022,37680.0,38148.42,38731.67,37326.62,38029.145000000004,690.310575,28785.0,38015.0402362637,2022-01-29 06:00:00+00:00
BTC/USD,01/30/2022,38148.33,37022.16,38379.31,36647.99,37513.649999999994,596.756204,28156.0,37569.6347715191,2022-01-30 06:00:00+00:00
BTC/USD,01/31/2022,37019.73,38466.1,38756.97,36826.75,37791.86,964.833568,36772.0,38032.6917936123,2022-01-31 06:00:00+00:00
BTC/USD,02/01/2022,38472.44,38432.44,39309.84,38025.31,38667.575,1129.826053,44769.0,38623.3506012043,2022-02-01 06:00:00+00:00
BTC/USD,02/02/2022,38428.51,37019.69,38790.94,36601.75,37696.345,941.805378,38746.0,37456.5698841283,2022-02-02 06:00:00+00:00
BTC/USD,02/03/2022,37024.23,37559.32,37709.14,36262.39,36985.765,729.715871,30504.0,36813.1427611209,2022-02-03 06:00:00+00:00
BTC/USD,02/04/2022,37571.11,41559.27,41957.28,37319.29,39638.285,1382.147131,48382.0,39884.4695359509,2022-02-04 06:00:00+00:00
BTC/USD,02/05/2022,41553.79,41603.16,41929.78,40962.34,41446.06,471.590878,24594.0,41517.9827292147,2022-02-05 06:00:00+00:00
BTC/USD,02/06/2022,41603.04,42808.97,43026.31,41141.25,42083.78,693.580041,32812.0,42123.4861644767,2022-02-06 06:00:00+00:00
BTC/USD,02/07/2022,42845.91,44922.53,45076.86,42273.54,43675.2,1075.29236,42787.0,43752.277763441,2022-02-07 06:00:00+00:00
BTC/USD,02/08/2022,44915.54,43630.9,45520.37,42707.16,44113.765,1262.684811,45410.0,43758.2439253159,2022-02-08 06:00:00+00:00
BTC/USD,02/09/2022,43624.61,43908.52,44848.48,43226.82,44037.65,698.339978,31002.0,44087.8836589345,2022-02-09 06:00:00+00:00
BTC/USD,02/10/2022,43920.64,42857.47,45851.22,42534.8,44193.01,1482.445413,53364.0,44259.9288627123,2022-02-10 06:00:00+00:00
BTC/USD,02/11/2022,42870.57,42287.73,43975.63,41980.01,42977.82,859.906381,34908.0,42972.9667173313,2022-02-11 06:00:00+00:00
BTC/USD,02/12/2022,42301.15,42293.59,43049.5,41753.43,42401.465,414.428426,25996.0,42289.2643528719,2022-02-12 06:00:00+00:00
BTC/USD,02/13/2022,42295.45,41801.85,42782.0,41560.0,42171.0,408.836373,24025.0,42180.877416403,2022-02-13 06:00:00+00:00
BTC/USD,02/14/2022,41794.7,43599.68,43799.22,41755.53,42777.375,708.082073,36021.0,42700.6587391993,2022-02-14 06:00:00+00:00
BTC/USD,02/15/2022,43594.31,44086.16,44775.12,43551.97,44163.545,643.75953,30748.0,44143.8503795584,2022-02-15 06:00:00+00:00
BTC/USD,02/16/2022,44080.26,43644.18,44394.97,43331.71,43863.34,605.265661,30351.0,43931.6564032175,2022-02-16 06:00:00+00:00
BTC/USD,02/17/2022,43642.14,40658.25,44046.03,40075.37,42060.7,1166.717533,42704.0,41745.8329072098,2022-02-17 06:00:00+00:00
BTC/USD,02/18/2022,40642.9,40266.48,41126.49,39454.41,40290.45,664.2047,31352.0,40187.3302593242,2022-02-18 06:00:00+00:00
BTC/USD,02/19/2022,40269.12,39377.02,40469.58,39308.33,39888.955,341.226104,21125.0,39915.9960546092,2022-02-19 06:00:00+00:00
BTC/USD,02/20/2022,39370.59,39247.78,39499.99,38006.12,38753.055,640.556484,30062.0,38707.2235627803,2022-02-20 06:00:00+00:00
BTC/USD,02/21/2022,39245.44,36767.9,39377.77,36373.73,37875.75,1474.165083,46972.0,37775.1710477639,2022-02-21 06:00:00+00:00
BTC/USD,02/22/2022,36742.61,37992.78,38445.03,36546.21,37495.619999999995,882.321697,35731.0,37717.3993024089,2022-02-22 06:00:00+00:00
BTC/USD,02/23/2022,37996.86,34686.3,39269.22,34317.34,36793.28,1266.537923,52539.0,36822.4251949214,2022-02-23 06:00:00+00:00
BTC/USD,02/24/2022,34686.3,38465.96,39700.0,34397.35,37048.675,1746.053067,85976.0,36889.4198990124,2022-02-24 06:00:00+00:00
BTC/USD,02/25/2022,38466.03,39045.11,40296.05,38012.92,39154.485,983.435303,49283.0,39165.3200033543,2022-02-25 06:00:00+00:00
BTC/USD,02/26/2022,39037.7,38608.91,39694.97,38212.43,38953.7,447.119922,27149.0,38994.5630551184,2022-02-26 06:00:00+00:00
BTC/USD,02/27/2022,38598.55,37839.37,39884.49,37010.72,38447.604999999996,671.71943,34759.0,38261.4431401111,2022-02-27 06:00:00+00:00
BTC/USD,02/28/2022,37852.38,43229.15,44259.41,37475.03,40867.22,1412.459176,54487.0,41250.4449782126,2022-02-28 06:00:00+00:00
BTC/USD,03/01/2022,43224.42,44283.36,45000.0,42815.84,43907.92,1122.467779,47416.0,43976.3698802568,2022-03-01 06:00:00+00:00
BTC/USD,03/02/2022,44302.03,43351.87,45321.42,43236.53,44278.975,844.934097,41891.0,44117.9077721264,2022-03-02 06:00:00+00:00
BTC/USD,03/03/2022,43343.07,41381.64,44103.62,41071.0,42587.31,987.526989,45631.0,42387.1912447908,2022-03-03 06:00:00+00:00
BTC/USD,03/04/2022,41379.2,39020.96,41907.21,38568.18,40237.695,1069.260188,42510.0,40173.9156784955,2022-03-04 06:00:00+00:00
BTC/USD,03/05/2022,39019.55,39505.8,39720.38,38816.74,39268.56,400.495882,27821.0,39299.4006369163,2022-03-05 06:00:00+00:00
BTC/USD,03/06/2022,39506.49,38028.52,39619.98,37577.62,38598.8,661.143065,36339.0,38553.8803444614,2022-03-06 06:00:00+00:00
BTC/USD,03/07/2022,38025.81,38363.41,39552.31,37166.01,38359.16,1052.591573,43036.0,38373.1998096025,2022-03-07 06:00:00+00:00
BTC/USD,03/08/2022,38358.49,41514.18,41883.58,38008.27,39945.925,1252.461647,43940.0,39553.5244096228,2022-03-08 06:00:00+00:00
BTC/USD,03/09/2022,41521.53,39219.08,42590.08,38900.0,40745.04,1364.981479,43231.0,41404.7873033528,2022-03-09 06:00:00+00:00
BTC/USD,03/10/2022,39235.64,38792.23,40301.73,38200.2,39250.965,1181.691366,35917.0,39139.2152644066,2022-03-10 06:00:00+00:00
BTC/USD,03/11/2022,38784.61,39167.75,40250.0,38316.0,39283.0,831.507763,30547.0,39192.8371223163,2022-03-11 06:00:00+00:00
BTC/USD,03/12/2022,39172.76,39109.36,39439.78,38666.67,39053.225,301.549334,16474.0,39079.4011839313,2022-03-12 06:00:00+00:00
BTC/USD,03/13/2022,39126.46,38520.99,39198.04,37572.51,38385.275,576.983541,25701.0,38409.3690586434,2022-03-13 06:00:00+00:00
BTC/USD,03/14/2022,38524.89,38783.83,39917.89,38422.55,39170.22,748.12453,32345.0,39072.7805040125,2022-03-14 05:00:00+00:00
BTC/USD,03/15/2022,38781.41,39124.91,41700.0,38139.49,39919.744999999995,1267.403143,44478.0,39671.1895381582,2022-03-15 05:00:00+00:00
BTC/USD,03/16/2022,39123.78,41359.77,41477.14,38994.21,40235.675,1416.657713,43373.0,40457.234852888,2022-03-16 05:00:00+00:00
BTC/USD,03/17/2022,41338.39,40642.32,41479.42,40279.94,40879.68,532.547277,27472.0,40814.9853793385,2022-03-17 05:00:00+00:00
BTC/USD,03/18/2022,40643.53,41825.27,42364.12,40174.08,41269.100000000006,709.36359,31900.0,41307.7492467836,2022-03-18 05:00:00+00:00
BTC/USD,03/19/2022,41826.79,41872.51,42417.0,41570.01,41993.505000000005,384.773382,22274.0,41972.5253189515,2022-03-19 05:00:00+00:00
BTC/USD,03/20/2022,41879.19,40893.29,42033.19,40509.08,41271.135,516.307215,25197.0,41231.1473911304,2022-03-20 05:00:00+00:00
BTC/USD,03/21/2022,40887.01,43001.37,43347.0,40761.58,42054.29,853.071637,35128.0,41583.0194179074,2022-03-21 05:00:00+00:00
BTC/USD,03/22/2022,43001.36,41938.05,43220.9,41768.85,42494.875,827.151998,33508.0,42546.2113158976,2022-03-22 05:00:00+00:00
BTC/USD,03/23/2022,41969.42,42922.54,43288.22,41814.58,42551.4,847.284152,36532.0,42463.9547796668,2022-03-23 05:00:00+00:00
BTC/USD,03/24/2022,42922.54,44115.03,44422.34,42610.84,43516.59,796.889511,38066.0,43588.4845058324,2022-03-24 05:00:00+00:00
BTC/USD,03/25/2022,44117.62,44423.78,45112.84,43596.62,44354.729999999996,554.873297,29251.0,44450.1797798524,2022-03-25 05:00:00+00:00
BTC/USD,03/26/2022,44428.97,44598.15,44951.37,44166.92,44559.145000000004,269.370687,16209.0,44533.4803862748,2022-03-26 05:00:00+00:00
BTC/USD,03/27/2022,44599.91,47144.34,47623.0,44445.55,46034.275,804.344856,33636.0,46158.8570638628,2022-03-27 05:00:00+00:00
BTC/USD,03/28/2022,47137.15,47621.59,48223.41,46770.45,47496.93,847.692272,36841.0,47486.8893083486,2022-03-28 05:00:00+00:00
BTC/USD,03/29/2022,47627.09,47252.33,48109.83,46548.76,47329.295,567.038334,27187.0,47480.1890720855,2022-03-29 05:00:00+00:00
BTC/USD,03/30/2022,47251.28,47034.98,47719.21,46849.99,47284.6,484.801751,26955.0,47238.4939185227,2022-03-30 05:00:00+00:00
BTC/USD,03/31/2022,47031.64,44666.12,47631.47,44244.26,45937.865000000005,844.465993,38858.0,45871.5032113855,2022-03-31 05:00:00+00:00
BTC/USD,04/01/2022,44664.21,46555.26,47221.58,44588.13,45904.854999999996,629.246392,32549.0,46002.6347918666,2022-04-01 05:00:00+00:00
BTC/USD,04/02/2022,46560.29,46378.61,46954.67,45550.81,46252.74,461.042445,23532.0,46249.6489837047,2022-04-02 05:00:00+00:00
BTC/USD,04/03/2022,46381.7,46091.15,47468.61,45768.46,46618.535,570.232042,28105.0,46485.4722236156,2022-04-03 05:00:00+00:00
BTC/USD,04/04/2022,46092.99,46775.38,46899.0,45126.58,46012.79,644.176869,29678.0,46069.8566472319,2022-04-04 05:00:00+00:00
BTC/USD,04/05/2022,46768.34,45341.5,47196.13,44419.86,45807.994999999995,862.482322,41278.0,45764.847758021,2022-04-05 05:00:00+00:00
BTC/USD,04/06/2022,45350.88,43406.31,45516.04,42737.09,44126.565,992.126322,46780.0,43990.8896721662,2022-04-06 05:00:00+00:00
BTC/USD,04/07/2022,43393.23,43546.71,43902.31,43033.82,43468.065,548.248638,31743.0,43516.8477099974,2022-04-07 05:00:00+00:00
BTC/USD,04/08/2022,43549.84,42413.84,43983.5,42113.47,43048.485,798.860327,37701.0,43023.7081335236,2022-04-08 05:00:00+00:00
BTC/USD,04/09/2022,42442.29,42762.86,42904.32,42195.48,42549.9,208.513808,14843.0,42538.7712041082,2022-04-09 05:00:00+00:00
BTC/USD,04/10/2022,42757.45,42261.84,43426.23,41770.87,42598.55,608.577313,27710.0,42425.5613746931,2022-04-10 05:00:00+00:00
BTC/USD,04/11/2022,42270.64,39916.41,42367.65,39215.26,40791.455,1308.542007,52609.0,40444.4181434788,2022-04-11 05:00:00+00:00
BTC/USD,04/12/2022,39925.94,40131.3,40700.99,39263.15,39982.07,1227.543204,46556.0,40089.6831791558,2022-04-12 05:00:00+00:00
BTC/USD,04/13/2022,40139.0,41297.27,41570.02,39627.11,40598.565,1116.941681,37740.0,40706.7892394579,2022-04-13 05:00:00+00:00
BTC/USD,04/14/2022,41297.22,40112.51,41363.27,39572.24,40467.755,656.928988,32876.0,40368.4251159943,2022-04-14 05:00:00+00:00
BTC/USD,04/15/2022,40114.0,40548.26,40861.77,39954.45,40408.11,546.807225,24562.0,40344.2157051538,2022-04-15 05:00:00+00:00
BTC/USD,04/16/2022,40544.92,40287.01,40700.0,40005.67,40352.835,322.944471,17497.0,40333.2212854043,2022-04-16 05:00:00+00:00
BTC/USD,04/17/2022,40299.7,38835.3,40607.0,38698.8,39652.9,693.391581,26746.0,39923.022828683,2022-04-17 05:00:00+00:00
BTC/USD,04/18/2022,38830.29,40863.31,41269.84,38541.31,39905.575,1174.704948,43368.0,39975.3135028774,2022-04-18 05:00:00+00:00
BTC/USD,04/19/2022,40874.23,41357.48,41800.0,40568.67,41184.335,524.31559,24363.0,41256.0957251912,2022-04-19 05:00:00+00:00
BTC/USD,04/20/2022,41357.48,41621.49,42205.43,40900.0,41552.715,751.20176,31006.0,41559.4968526917,2022-04-20 05:00:00+00:00
BTC/USD,04/21/2022,41621.49,40634.05,42984.15,39771.6,41377.875,1164.786881,42581.0,41520.479597037,2022-04-21 05:00:00+00:00
BTC/USD,04/22/2022,40638.22,39542.31,40799.14,39172.34,39985.74,765.828943,35904.0,39881.6674041637,2022-04-22 05:00:00+00:00
BTC/USD,04/23/2022,39535.74,39724.93,39984.61,39338.25,39661.43,307.472439,17307.0,39706.8051822201,2022-04-23 05:00:00+00:00
BTC/USD,04/24/2022,39715.13,39149.25,39948.83,38694.49,39321.66,696.074172,27718.0,39339.8692774131,2022-04-24 05:00:00+00:00
BTC/USD,04/25/2022,39153.57,40562.9,40777.75,38208.21,39492.979999999996,1229.509078,47428.0,39336.3980542105,2022-04-25 05:00:00+00:00
BTC/USD,04/26/2022,40570.52,38408.1,40804.22,37700.0,39252.11,1282.791621,50435.0,38853.6568818396,2022-04-26 05:00:00+00:00
BTC/USD,04/27/2022,38404.7,39398.73,39700.0,38366.6,39033.3,926.539363,40847.0,39009.6531971376,2022-04-27 05:00:00+00:00
BTC/USD,04/28/2022,39398.17,39544.13,40379.84,38869.44,39624.64,929.715552,40115.0,39710.0590509655,2022-04-28 05:00:00+00:00
BTC/USD,04/29/2022,39540.24,38561.01,39630.88,38172.21,38901.545,731.90828,34568.0,38846.3167640513,2022-04-29 05:00:00+00:00
BTC/USD,04/30/2022,38568.19,37964.05,38780.87,37396.09,38088.479999999996,517.99151,29805.0,38081.5516389422,2022-04-30 05:00:00+00:00
BTC/USD,05/01/2022,37971.35,38986.47,39121.71,37684.19,38402.95,548.832114,29363.0,38317.1881238004,2022-05-01 05:00:00+00:00
BTC/USD,05/02/2022,38978.38,38491.42,39162.85,38037.28,38600.065,760.12401,35909.0,38631.6496917553,2022-05-02 05:00:00+00:00
BTC/USD,05/03/2022,38494.6,37986.2,38641.84,37517.66,38079.75,618.481216,28519.0,38051.7669964109,2022-05-03 05:00:00+00:00
BTC/USD,05/04/2022,37985.03,39741.08,40020.0,37964.61,38992.305,931.876794,36948.0,39164.44005156,2022-05-04 05:00:00+00:00
BTC/USD,05/05/2022,39742.64,36425.39,39838.15,35605.89,37722.020000000004,1522.981183,55773.0,37015.9800722633,2022-05-05 05:00:00+00:00
BTC/USD,05/06/2022,36424.11,35720.5,36538.04,35253.47,35895.755000000005,1046.605855,42224.0,35948.435170485,2022-05-06 05:00:00+00:00
BTC/USD,05/07/2022,35738.14,34391.43,36128.72,34202.0,35165.36,836.709588,34729.0,35155.9733555971,2022-05-07 05:00:00+00:00
BTC/USD,05/08/2022,34393.54,33631.03,34932.14,33271.73,34101.935,1012.694368,41950.0,34075.2910850149,2022-05-08 05:00:00+00:00
BTC/USD,05/09/2022,33637.31,31218.29,33765.97,29735.97,31750.97,3850.732284,95136.0,31484.1549721483,2022-05-09 05:00:00+00:00
BTC/USD,05/10/2022,31213.97,31203.5,32640.49,30160.84,31400.665,3447.659023,88909.0,31439.1081523604,2022-05-10 05:00:00+00:00
BTC/USD,05/11/2022,31207.79,27647.5,32126.51,26991.0,29558.754999999997,5592.431365,132559.0,29918.7938695975,2022-05-11 05:00:00+00:00
BTC/USD,05/12/2022,27640.54,30375.49,30716.22,25455.46,28085.84,3425.552947,95367.0,28307.9757052901,2022-05-12 05:00:00+00:00
BTC/USD,05/13/2022,30380.61,29295.69,30980.0,29150.0,30065.0,1588.624046,53420.0,30117.550751019,2022-05-13 05:00:00+00:00
BTC/USD,05/14/2022,29299.98,29560.07,30290.64,28577.93,29434.285,784.677598,41102.0,29418.387242194,2022-05-14 05:00:00+00:00
BTC/USD,05/15/2022,29571.49,30293.77,31415.48,29455.2,30435.34,1188.858761,48750.0,30475.9418793583,2022-05-15 05:00:00+00:00
BTC/USD,05/16/2022,30292.25,30345.13,30470.0,29050.01,29760.004999999997,1583.792585,57134.0,29808.6499824305,2022-05-16 05:00:00+00:00
BTC/USD,05/17/2022,30338.89,29797.5,30733.0,29421.8,30077.4,1297.84626,51321.0,30181.9618306555,2022-05-17 05:00:00+00:00
BTC/USD,05/18/2022,29793.07,29063.05,30060.8,28612.14,29336.47,1640.044029,59492.0,29257.2796862342,2022-05-18 05:00:00+00:00
BTC/USD,05/19/2022,29054.97,30062.69,30726.41,28824.43,29775.42,1420.147955,49777.0,29908.4916988067,2022-05-19 05:00:00+00:00
BTC/USD,05/20/2022,30062.66,29218.22,30512.0,28692.45,29602.225,1615.345154,55326.0,29498.7265699451,2022-05-20 05:00:00+00:00
BTC/USD,05/21/2022,29217.17,29249.95,29614.37,29119.19,29366.78,458.5981,23456.0,29355.4638918801,2022-05-21 05:00:00+00:00
BTC/USD,05/22/2022,29250.09,30101.13,30456.52,29250.09,29853.305,912.80936,36041.0,30013.9118068715,2022-05-22 05:00:00+00:00
BTC/USD,05/23/2022,30099.54,29309.4,30634.92,28843.86,29739.39,1538.251495,55006.0,29831.5850011118,2022-05-23 05:00:00+00:00
BTC/USD,05/24/2022,29329.67,30065.69,30184.03,28638.51,29411.269999999997,1368.90144,48108.0,29400.9746527073,2022-05-24 05:00:00+00:00
BTC/USD,05/25/2022,30067.9,29738.5,30109.37,29308.57,29708.97,1194.573761,46488.0,29700.9261734669,2022-05-25 05:00:00+00:00
BTC/USD,05/26/2022,29736.08,28891.2,29820.0,28002.0,28911.0,2446.717862,88026.0,29106.1005054786,2022-05-26 05:00:00+00:00
BTC/USD,05/27/2022,28889.93,28804.55,29352.61,28242.84,28797.725,1759.875459,72886.0,28806.0510952511,2022-05-27 05:00:00+00:00
BTC/USD,05/28/2022,28803.11,28919.16,29233.2,28729.44,28981.32,494.156946,24678.0,28935.856762194,2022-05-28 05:00:00+00:00
BTC/USD,05/29/2022,28910.76,30303.09,30400.88,28891.21,29646.045,1062.096958,35405.0,29579.0399057355,2022-05-29 05:00:00+00:00
BTC/USD,05/30/2022,30303.87,31668.48,32193.14,30237.44,31215.29,2167.496153,61324.0,31040.0740009829,2022-05-30 05:00:00+00:00
BTC/USD,05/31/2022,31670.96,31540.29,32409.14,31197.67,31803.405,1692.578428,51187.0,31731.1410465034,2022-05-31 05:00:00+00:00
BTC/USD,06/01/2022,31539.23,29784.4,31875.0,29304.62,30589.809999999998,1886.397503,55198.0,30451.2011109809,2022-06-01 05:00:00+00:00
BTC/USD,06/02/2022,29794.94,30398.43,30672.66,29551.69,30112.175,1360.550315,40411.0,30182.0584533812,2022-06-02 05:00:00+00:00
BTC/USD,06/03/2022,30394.61,29688.9,30538.38,29250.0,29894.190000000002,1268.104056,39254.0,29720.4033008851,2022-06-03 05:00:00+00:00
BTC/USD,06/04/2022,29689.32,29701.65,29951.53,29456.68,29704.105,504.101091,18168.0,29715.2419980302,2022-06-04 05:00:00+00:00
BTC/USD,06/05/2022,29701.99,31192.5,31320.0,29509.5,30414.75,1178.863288,33115.0,30315.5606245318,2022-06-05 05:00:00+00:00
BTC/USD,06/06/2022,31194.73,29508.27,31740.0,29200.0,30470.0,1830.588863,55297.0,30768.9326890771,2022-06-06 05:00:00+00:00
BTC/USD,06/07/2022,29508.54,30230.97,31565.82,29328.21,30447.015,2035.144906,61145.0,30567.6713999153,2022-06-07 05:00:00+00:00
BTC/USD,06/08/2022,30226.01,30240.33,30865.14,29888.0,30376.57,947.807726,38152.0,30348.4640242154,2022-06-08 05:00:00+00:00
BTC/USD,06/09/2022,30243.84,30075.19,30683.94,29543.49,30113.715,1121.954468,41941.0,30135.3068769477,2022-06-09 05:00:00+00:00
BTC/USD,06/10/2022,30076.05,29352.88,30210.97,28828.26,29519.614999999998,1124.221588,42994.0,29425.3921139638,2022-06-10 05:00:00+00:00
BTC/USD,06/11/2022,29354.46,27403.61,29405.28,27251.25,28328.265,1318.761438,43608.0,28352.161782929,2022-06-11 05:00:00+00:00
BTC/USD,06/12/2022,27403.8,25356.22,28297.56,24899.56,26598.56,2491.86257,64969.0,26473.1615623706,2022-06-12 05:00:00+00:00
BTC/USD,06/13/2022,25351.38,21952.73,25811.26,20804.91,23308.085,6179.073319,114798.0,23051.871750768,2022-06-13 05:00:00+00:00
BTC/USD,06/14/2022,21942.24,21111.35,23314.09,20900.0,22107.045,3298.418877,66489.0,22219.0181156854,2022-06-14 05:00:00+00:00
BTC/USD,06/15/2022,21106.05,22062.66,22985.0,20078.0,21531.5,4371.904216,82516.0,21286.7238920407,2022-06-15 05:00:00+00:00
BTC/USD,06/16/2022,22066.21,20507.72,22164.03,20200.8,21182.415,1850.417548,45981.0,20953.3908614942,2022-06-16 05:00:00+00:00
BTC/USD,06/17/2022,20506.2,20469.4,21320.42,20301.5,20810.96,1179.574539,34703.0,20671.3083885395,2022-06-17 05:00:00+00:00
BTC/USD,06/18/2022,20461.86,18474.53,20505.58,17594.94,19050.260000000002,3712.265155,72767.0,18787.209028315,2022-06-18 05:00:00+00:00
BTC/USD,06/19/2022,18476.7,19838.75,20799.03,17925.03,19362.03,2384.465489,49522.0,19671.061325434,2022-06-19 05:00:00+00:00
BTC/USD,06/20/2022,19837.17,20623.11,21038.89,19746.13,20392.510000000002,1991.217976,45518.0,20396.6469606788,2022-06-20 05:00:00+00:00
BTC/USD,06/21/2022,20629.71,20412.23,21702.52,20240.0,20971.260000000002,2333.308682,51413.0,21004.5324377594,2022-06-21 05:00:00+00:00
BTC/USD,06/22/2022,20410.2,20335.75,20874.34,19742.25,20308.295,3508.690521,100238.0,20250.4973539615,2022-06-22 05:00:00+00:00
BTC/USD,06/23/2022,20337.68,21033.2,21361.98,20154.28,20758.129999999997,3645.486074,123984.0,20730.222056205,2022-06-23 05:00:00+00:00
BTC/USD,06/24/2022,21034.26,21218.71,21534.33,20719.39,21126.86,2842.305253,88634.0,21115.0016267488,2022-06-24 05:00:00+00:00
BTC/USD,06/25/2022,21218.89,21406.14,21595.71,20896.85,21246.28,1903.394998,67396.0,21279.299993201,2022-06-25 05:00:00+00:00
BTC/USD,06/26/2022,21407.32,21233.82,21878.02,20910.41,21394.215,2119.787987,72859.0,21282.5732749017,2022-06-26 05:00:00+00:00
BTC/USD,06/27/2022,21232.71,20747.5,21522.61,20478.28,21000.445,3398.764417,107331.0,20832.4978360727,2022-06-27 05:00:00+00:00
BTC/USD,06/28/2022,20747.07,20272.68,21190.0,20125.0,20657.5,5382.925188,152022.0,20582.8242699851,2022-06-28 05:00:00+00:00
BTC/USD,06/29/2022,20273.69,20027.02,20420.92,19832.92,20126.92,7319.191337,201864.0,20067.7940065669,2022-06-29 05:00:00+00:00
BTC/USD,06/30/2022,20025.82,19382.09,20896.36,18612.0,19754.18,10330.986504,187492.0,19463.8079928079,2022-06-30 05:00:00+00:00
BTC/USD,07/01/2022,19374.83,19170.27,19764.83,18940.0,19352.415,7521.574449,118377.0,19343.7428550912,2022-07-01 05:00:00+00:00
BTC/USD,07/02/2022,19170.9,19231.67,19441.9,18752.98,19097.440000000002,3459.369133,64323.0,19210.3198189685,2022-07-02 05:00:00+00:00
BTC/USD,07/03/2022,19233.4,19102.36,19625.32,18911.68,19268.5,3478.188482,101957.0,19162.3038663075,2022-07-03 05:00:00+00:00
BTC/USD,07/04/2022,19101.41,20251.12,20450.89,19057.69,19754.29,7282.259882,242199.0,19844.761944276,2022-07-04 05:00:00+00:00
BTC/USD,07/05/2022,20252.86,20075.94,20728.5,19281.37,20004.934999999998,9527.917398,283740.0,19943.8779085726,2022-07-05 05:00:00+00:00
BTC/USD,07/06/2022,20077.88,20397.52,20650.0,19845.91,20247.955,7624.440324,262190.0,20258.0956704068,2022-07-06 05:00:00+00:00
BTC/USD,07/07/2022,20396.43,21975.47,22500.59,20233.0,21366.795,8688.592329,273865.0,21209.5156117758,2022-07-07 05:00:00+00:00
BTC/USD,07/08/2022,21975.47,21540.18,22112.26,21172.41,21642.335,8453.323465,283983.0,21670.4382297136,2022-07-08 05:00:00+00:00
BTC/USD,07/09/2022,21541.16,21262.3,21980.88,21100.0,21540.440000000002,5221.571175,224740.0,21564.2948493347,2022-07-09 05:00:00+00:00
BTC/USD,07/10/2022,21262.1,20516.03,21406.17,20417.0,20911.585,5245.537509,189421.0,20897.3053485712,2022-07-10 05:00:00+00:00
BTC/USD,07/11/2022,20514.05,19986.09,20741.3,19769.2,20255.25,7194.311544,222000.0,20305.4940653217,2022-07-11 05:00:00+00:00
BTC/USD,07/12/2022,19986.09,19460.11,20044.29,19226.0,19635.145,7138.720321,203381.0,19647.191033833,2022-07-12 05:00:00+00:00
BTC/USD,07/13/2022,19460.11,20062.27,20403.7,18900.0,19651.85,10295.582148,245944.0,19731.0717816818,2022-07-13 05:00:00+00:00
BTC/USD,07/14/2022,20065.81,20530.01,20879.17,19588.9,20234.035,10039.131412,219788.0,20218.1389894934,2022-07-14 05:00:00+00:00
BTC/USD,07/15/2022,20531.04,20739.15,21191.81,20504.22,20848.015,6238.182795,182392.0,20853.0104942291,2022-07-15 05:00:00+00:00
BTC/USD,07/16/2022,20741.14,21247.59,21575.34,20477.03,21026.184999999998,5217.037703,158223.0,21075.4681930027,2022-07-16 05:00:00+00:00
BTC/USD,07/17/2022,21247.55,21290.62,21657.49,20751.81,21204.65,5347.599761,169561.0,21180.8052516448,2022-07-17 05:00:00+00:00
BTC/USD,07/18/2022,21293.0,21893.85,22952.93,21279.16,22116.045,13403.776375,256724.0,22106.6338146949,2022-07-18 05:00:00+00:00
BTC/USD,07/19/2022,21892.1,23395.0,23800.0,21583.97,22691.985,15269.089296,245956.0,22898.7304966853,2022-07-19 05:00:00+00:00
BTC/USD,07/20/2022,23391.53,22879.3,24275.94,22634.82,23455.379999999997,15350.716373,274684.0,23536.7195280148,2022-07-20 05:00:00+00:00
BTC/USD,07/21/2022,22878.93,22971.58,23351.67,22342.28,22846.975,8413.914641,167913.0,22913.2364592294,2022-07-21 05:00:00+00:00
BTC/USD,07/22/2022,22966.35,22900.0,23758.46,22507.15,23132.805,6718.211658,161373.0,23172.0792557014,2022-07-22 05:00:00+00:00
BTC/USD,07/23/2022,22904.39,22399.48,23000.0,21950.0,22475.0,4729.550679,87536.0,22385.8534118392,2022-07-23 05:00:00+00:00
BTC/USD,07/24/2022,22399.48,21900.24,23020.0,21740.38,22380.190000000002,6231.284745,130260.0,22536.4292851507,2022-07-24 05:00:00+00:00
BTC/USD,07/25/2022,21895.62,21126.93,22260.0,20864.19,21562.095,7433.605001,142861.0,21671.7326715401,2022-07-25 05:00:00+00:00
BTC/USD,07/26/2022,21132.44,21111.95,21306.07,20714.96,21010.515,4923.663719,134195.0,21025.9737181072,2022-07-26 05:00:00+00:00
BTC/USD,07/27/2022,21111.95,23072.31,23448.89,21095.7,22272.295,10212.517093,206094.0,22276.6811903179,2022-07-27 05:00:00+00:00
BTC/USD,07/28/2022,23072.31,24014.13,24199.98,22583.33,23391.655,9231.984811,174993.0,23479.2924285072,2022-07-28 05:00:00+00:00
BTC/USD,07/29/2022,24011.71,23745.55,24439.0,23433.85,23936.425,8493.420592,167818.0,23863.1316262414,2022-07-29 05:00:00+00:00
BTC/USD,07/30/2022,23750.06,23808.89,24683.54,23500.61,24092.075,6719.075028,181789.0,24029.9945299499,2022-07-30 05:00:00+00:00
BTC/USD,07/31/2022,23810.09,23398.0,24198.18,23232.29,23715.235,5648.751563,190921.0,23630.0651175229,2022-07-31 05:00:00+00:00
BTC/USD,08/01/2022,23398.02,22874.13,23508.47,22760.0,23134.235,6667.629051,159111.0,23136.9311237205,2022-08-01 05:00:00+00:00
BTC/USD,08/02/2022,22865.91,22834.72,23466.18,22661.29,23063.735,7217.620601,157088.0,22962.8819900528,2022-08-02 05:00:00+00:00
BTC/USD,08/03/2022,22834.42,23090.0,23638.99,22734.89,23186.940000000002,8644.443116,144529.0,23239.8354061923,2022-08-03 05:00:00+00:00
BTC/USD,08/04/2022,23092.34,23158.03,23259.89,22404.47,22832.18,6888.388988,145275.0,22839.8225075454,2022-08-04 05:00:00+00:00
BTC/USD,08/05/2022,23156.05,23212.7,23477.06,22757.92,23117.489999999998,6064.764805,162992.0,23138.402299036,2022-08-05 05:00:00+00:00
BTC/USD,08/06/2022,23212.74,22951.0,23260.0,22854.66,23057.33,2905.513764,72323.0,23106.5300419526,2022-08-06 05:00:00+00:00
BTC/USD,08/07/2022,22951.02,23350.04,23400.0,22896.07,23148.035,2755.768081,77229.0,23182.4315149301,2022-08-07 05:00:00+00:00
BTC/USD,08/08/2022,23347.47,23890.32,24252.12,23329.83,23790.975,6192.286834,107915.0,23931.6420304021,2022-08-08 05:00:00+00:00
BTC/USD,08/09/2022,23891.94,22951.52,23931.65,22659.4,23295.525,6598.928998,103651.0,23192.8102700665,2022-08-09 05:00:00+00:00
BTC/USD,08/10/2022,22948.34,24527.72,24546.36,22836.34,23691.35,8529.492068,150712.0,23871.1872324361,2022-08-10 05:00:00+00:00
BTC/USD,08/11/2022,24531.21,23943.81,24922.58,23767.77,24345.175000000003,8740.430792,114804.0,24362.0084075857,2022-08-11 05:00:00+00:00
BTC/USD,08/12/2022,23940.91,24748.32,24846.0,23596.36,24221.18,7223.662635,85061.0,24188.6021130966,2022-08-12 05:00:00+00:00
BTC/USD,08/13/2022,24747.46,24579.41,24900.55,24295.8,24598.175,5168.337308,60890.0,24534.5618762743,2022-08-13 05:00:00+00:00
BTC/USD,08/14/2022,24580.31,24861.88,25214.66,24151.07,24682.864999999998,6701.73856,93063.0,24597.6157735616,2022-08-14 05:00:00+00:00
BTC/USD,08/15/2022,24861.37,23966.91,24992.73,23780.0,24386.364999999998,8366.048305,106089.0,24159.8970664491,2022-08-15 05:00:00+00:00
BTC/USD,08/16/2022,23968.0,24070.0,24151.37,23676.4,23913.885000000002,6894.905916,86951.0,23921.7567505449,2022-08-16 05:00:00+00:00
BTC/USD,08/17/2022,24075.74,23375.6,24445.57,23180.0,23812.785,7018.647345,92666.0,23638.9508439341,2022-08-17 05:00:00+00:00
BTC/USD,08/18/2022,23383.74,22789.19,23599.71,22700.0,23149.855,4763.2083,63269.0,23182.7527203353,2022-08-18 05:00:00+00:00
BTC/USD,08/19/2022,22785.91,21240.0,22836.06,20785.22,21810.64,14143.727125,125223.0,21424.3110637419,2022-08-19 05:00:00+00:00
BTC/USD,08/20/2022,21238.86,21197.91,21363.46,20761.75,21062.605,7662.52359,73351.0,21172.5627217319,2022-08-20 05:00:00+00:00
BTC/USD,08/21/2022,21197.93,21467.0,21781.64,21067.48,21424.559999999998,6697.323631,69203.0,21434.5299603928,2022-08-21 05:00:00+00:00
BTC/USD,08/22/2022,21469.66,21263.86,21536.56,20890.32,21213.440000000002,7282.48888,87437.0,21215.8294730956,2022-08-22 05:00:00+00:00
BTC/USD,08/23/2022,21263.87,21326.31,21679.73,20889.11,21284.42,7503.764795,95395.0,21382.4146952583,2022-08-23 05:00:00+00:00
BTC/USD,08/24/2022,21333.35,21539.39,21890.76,21236.88,21563.82,8417.53361,79060.0,21531.5313436412,2022-08-24 05:00:00+00:00
BTC/USD,08/25/2022,21540.77,21530.63,21814.51,21424.24,21619.375,5337.40726,61670.0,21615.0078799422,2022-08-25 05:00:00+00:00
BTC/USD,08/26/2022,21526.24,20145.72,21872.35,20110.0,20991.175,14082.294227,158271.0,20958.1928808161,2022-08-26 05:00:00+00:00
BTC/USD,08/27/2022,20147.3,19996.69,20281.1,19800.0,20040.55,7550.732362,77854.0,20058.7636802873,2022-08-27 05:00:00+00:00
BTC/USD,08/28/2022,19995.5,19805.46,20149.5,19520.19,19834.845,6140.40064,71859.0,19869.7270592468,2022-08-28 05:00:00+00:00
BTC/USD,08/29/2022,19805.0,20464.65,20543.44,19737.36,20140.4,6885.1163,90779.0,20138.914615827,2022-08-29 05:00:00+00:00
BTC/USD,08/30/2022,20467.15,20337.81,20578.0,19541.13,20059.565000000002,9883.747803,118400.0,20041.6246677578,2022-08-30 05:00:00+00:00
BTC/USD,08/31/2022,20339.0,20056.65,20486.06,19874.31,20180.185,6975.185598,101838.0,20158.5288084628,2022-08-31 05:00:00+00:00
BTC/USD,09/01/2022,20055.79,20156.76,20292.0,19564.86,19928.43,7141.975485,110122.0,19934.1678446199,2022-09-01 05:00:00+00:00
BTC/USD,09/02/2022,20156.76,19919.47,20444.0,19757.72,20100.86,7165.911879,96231.0,20075.2008677126,2022-09-02 05:00:00+00:00
BTC/USD,09/03/2022,19924.83,19806.11,19968.2,19658.04,19813.120000000003,2677.652012,51551.0,19800.1854803241,2022-09-03 05:00:00+00:00
BTC/USD,09/04/2022,19805.39,19888.67,20058.0,19587.86,19822.93,4325.67879,62082.0,19834.4514137038,2022-09-04 05:00:00+00:00
BTC/USD,09/05/2022,19888.67,19760.56,20180.5,19635.96,19908.23,6274.552824,84784.0,19812.0959815687,2022-09-05 05:00:00+00:00
BTC/USD,09/06/2022,19761.39,18724.59,20026.91,18534.06,19280.485,11217.789784,128106.0,19266.8355201911,2022-09-06 05:00:00+00:00
BTC/USD,09/07/2022,18724.59,19356.85,19462.02,18676.38,19069.2,7431.686434,80560.0,19064.1585091074,2022-09-07 05:00:00+00:00
BTC/USD,09/08/2022,19356.54,20360.17,20458.13,19012.7,19735.415,10278.336062,102004.0,19428.2819391553,2022-09-08 05:00:00+00:00
BTC/USD,09/09/2022,20360.0,21454.54,21595.12,20343.51,20969.315,11525.122334,131072.0,21032.3200598844,2022-09-09 05:00:00+00:00
BTC/USD,09/10/2022,21454.54,21560.0,21812.35,21128.39,21470.37,6462.167995,79413.0,21477.5339068718,2022-09-10 05:00:00+00:00
BTC/USD,09/11/2022,21560.01,21719.51,22378.0,21359.15,21868.575,9039.744436,107512.0,21706.8190027102,2022-09-11 05:00:00+00:00
BTC/USD,09/12/2022,21719.51,22288.81,22497.58,21672.76,22085.17,9410.191574,145740.0,22236.9354995307,2022-09-12 05:00:00+00:00
BTC/USD,09/13/2022,22289.22,20389.76,22799.03,19874.92,21336.975,14809.264623,169705.0,21173.3980397283,2022-09-13 05:00:00+00:00
BTC/USD,09/14/2022,20388.02,20031.29,20418.59,19610.09,20014.34,10289.722437,116580.0,20125.5200628299,2022-09-14 05:00:00+00:00
BTC/USD,09/15/2022,20026.63,19825.0,20333.8,19500.0,19916.9,9901.09647,107844.0,19911.9058251546,2022-09-15 05:00:00+00:00
BTC/USD,09/16/2022,19826.09,19935.19,20062.56,19338.0,19700.28,9017.672204,102881.0,19708.1009085949,2022-09-16 05:00:00+00:00
BTC/USD,09/17/2022,19935.19,20010.1,20191.71,19742.41,19967.059999999998,6083.097511,59775.0,19986.0434650481,2022-09-17 05:00:00+00:00
BTC/USD,09/18/2022,20008.83,18824.75,20099.79,18674.51,19387.15,9060.28239,123058.0,19510.1338730629,2022-09-18 05:00:00+00:00
BTC/USD,09/19/2022,18824.75,19337.08,19682.97,18257.92,18970.445,13055.029678,130568.0,19098.0326323198,2022-09-19 05:00:00+00:00
BTC/USD,09/20/2022,19335.66,19004.78,19581.28,18724.83,19153.055,12532.741853,121371.0,19066.7925610585,2022-09-20 05:00:00+00:00
BTC/USD,09/21/2022,19006.29,18701.12,19900.0,18168.0,19034.0,21988.551373,193340.0,19011.189236717,2022-09-21 05:00:00+00:00
BTC/USD,09/22/2022,18702.08,19410.43,19519.64,18620.77,19070.205,15967.830431,151429.0,19111.6623395376,2022-09-22 05:00:00+00:00
BTC/USD,09/23/2022,19410.43,19162.79,19464.84,18534.78,18999.809999999998,11805.626063,126101.0,18947.5707969421,2022-09-23 05:00:00+00:00
BTC/USD,09/24/2022,19162.81,19008.15,19224.27,18810.0,19017.135000000002,5695.863654,62390.0,19037.0969561524,2022-09-24 05:00:00+00:00
BTC/USD,09/25/2022,19008.84,18812.46,19174.74,18630.86,18902.800000000003,7200.197004,73629.0,18909.0470401939,2022-09-25 05:00:00+00:00
BTC/USD,09/26/2022,18811.54,20047.85,20293.83,18687.0,19490.415,15666.202058,149658.0,19355.5115689914,2022-09-26 05:00:00+00:00
BTC/USD,09/27/2022,20047.85,18765.47,20380.9,18491.67,19436.285,18567.049244,168917.0,19581.6560991884,2022-09-27 05:00:00+00:00
BTC/USD,09/28/2022,18763.53,19583.96,19770.0,18564.08,19167.04,15677.670066,163781.0,19263.9914308864,2022-09-28 05:00:00+00:00
BTC/USD,09/29/2022,19583.96,19428.46,19696.54,18835.9,19266.22,14798.355315,159055.0,19341.5661527224,2022-09-29 05:00:00+00:00
BTC/USD,09/30/2022,19429.44,19405.95,20182.69,19150.0,19666.345,9912.18223,106906.0,19564.1012589575,2022-09-30 05:00:00+00:00
BTC/USD,10/01/2022,19405.97,19334.87,19419.23,19165.28,19292.254999999997,2769.551301,38038.0,19295.7472710281,2022-10-01 05:00:00+00:00
BTC/USD,10/02/2022,19334.87,19096.18,19400.0,18922.84,19161.42,6376.554662,69762.0,19150.1541625985,2022-10-02 05:00:00+00:00
BTC/USD,10/03/2022,19096.18,19595.27,19727.57,19060.96,19394.265,9884.849384,107385.0,19403.4821666181,2022-10-03 05:00:00+00:00
BTC/USD,10/04/2022,19595.27,20126.49,20457.67,19584.61,20021.14,12031.565131,125530.0,20092.9359610501,2022-10-04 05:00:00+00:00
BTC/USD,10/05/2022,20127.5,20357.72,20450.26,19741.01,20095.635,11333.426387,126439.0,20152.5492057402,2022-10-05 05:00:00+00:00
BTC/USD,10/06/2022,20361.68,19943.81,20378.93,19856.97,20117.95,14423.448138,165730.0,20072.2815991695,2022-10-06 05:00:00+00:00
BTC/USD,10/07/2022,19944.93,19443.04,20067.05,19321.49,19694.27,10000.051349,130901.0,19668.1506161399,2022-10-07 05:00:00+00:00
BTC/USD,10/08/2022,19445.36,19385.22,19549.88,19248.0,19398.940000000002,3602.499226,49815.0,19435.3322154594,2022-10-08 05:00:00+00:00
BTC/USD,10/09/2022,19389.29,19469.98,19560.0,19369.58,19464.79,4093.870646,55522.0,19459.5505262974,2022-10-09 05:00:00+00:00
BTC/USD,10/10/2022,19467.62,19040.95,19473.88,18953.5,19213.690000000002,8684.57051,138290.0,19213.2520031307,2022-10-10 05:00:00+00:00
BTC/USD,10/11/2022,19040.95,19098.17,19266.48,18859.22,19062.85,8860.257869,143183.0,19071.7173846733,2022-10-11 05:00:00+00:00
BTC/USD,10/12/2022,19098.17,19092.97,19239.94,18976.05,19107.995,5822.944486,101396.0,19116.2228608311,2022-10-12 05:00:00+00:00
BTC/USD,10/13/2022,19092.97,19815.8,19950.88,18185.92,19068.4,23007.758384,249833.0,19010.1515626663,2022-10-13 05:00:00+00:00
BTC/USD,10/14/2022,19812.9,19188.13,19853.48,19077.99,19465.735,13458.044482,145280.0,19477.6641777751,2022-10-14 05:00:00+00:00
BTC/USD,10/15/2022,19191.47,19138.33,19199.81,18985.49,19092.65,2687.864822,39545.0,19112.8291025884,2022-10-15 05:00:00+00:00
BTC/USD,10/16/2022,19138.33,19227.32,19428.84,19092.08,19260.46,4215.583411,54759.0,19234.1844971161,2022-10-16 05:00:00+00:00
BTC/USD,10/17/2022,19228.11,19583.15,19676.37,19218.75,19447.559999999998,11586.739028,112561.0,19510.4032301852,2022-10-17 05:00:00+00:00
BTC/USD,10/18/2022,19584.93,19277.87,19705.75,19094.65,19400.2,11734.562235,119355.0,19423.7403917112,2022-10-18 05:00:00+00:00
BTC/USD,10/19/2022,19278.47,19184.05,19309.0,18909.3,19109.15,9662.520774,96766.0,19152.2275248974,2022-10-19 05:00:00+00:00
BTC/USD,10/20/2022,19183.56,19047.54,19341.05,18937.03,19139.04,8735.195051,86983.0,19143.8834002427,2022-10-20 05:00:00+00:00
BTC/USD,10/21/2022,19045.03,19151.49,19249.99,18664.09,18957.04,9705.541033,84379.0,19026.7185743742,2022-10-21 05:00:00+00:00
BTC/USD,10/22/2022,19151.14,19187.96,19257.11,19133.23,19195.17,1854.600802,23979.0,19190.5776980215,2022-10-22 05:00:00+00:00
BTC/USD,10/23/2022,19187.96,19337.51,19695.3,19078.69,19386.995,7976.612457,72931.0,19435.0268870276,2022-10-23 05:00:00+00:00
BTC/USD,10/24/2022,19335.98,19341.92,19454.31,19151.2,19302.755,9627.931284,92812.0,19323.8301240124,2022-10-24 05:00:00+00:00
BTC/USD,10/25/2022,19341.92,20209.17,20417.49,19241.47,19829.480000000003,18377.284756,167610.0,19954.0645303742,2022-10-25 05:00:00+00:00
BTC/USD,10/26/2022,20210.01,20805.83,21022.62,20129.0,20575.809999999998,23828.080042,198068.0,20684.3102261716,2022-10-26 05:00:00+00:00
BTC/USD,10/27/2022,20807.23,20253.35,20877.31,20163.93,20520.620000000003,16950.62296,161865.0,20532.430373566,2022-10-27 05:00:00+00:00
BTC/USD,10/28/2022,20252.87,20686.46,20827.93,20015.0,20421.465,13953.053713,132903.0,20464.9370993697,2022-10-28 05:00:00+00:00
BTC/USD,10/29/2022,20686.46,20749.99,21089.07,20627.94,20858.504999999997,9177.617324,94578.0,20828.5018662734,2022-10-29 05:00:00+00:00
BTC/USD,10/30/2022,20752.2,20566.72,20935.0,20433.0,20684.0,7457.393394,81208.0,20674.7137654151,2022-10-30 05:00:00+00:00
BTC/USD,10/31/2022,20565.41,20493.6,20838.64,20240.01,20539.324999999997,10159.303868,121991.0,20496.8976409626,2022-10-31 05:00:00+00:00
BTC/USD,11/01/2022,20494.13,20516.85,20697.71,20326.57,20512.14,7903.475923,91151.0,20490.7234932507,2022-11-01 05:00:00+00:00
BTC/USD,11/02/2022,20517.64,20355.0,20803.22,20058.43,20430.825,15956.764939,150751.0,20422.0829388993,2022-11-02 05:00:00+00:00
BTC/USD,11/03/2022,20357.26,20330.46,20385.93,20035.28,20210.605,7576.277584,100873.0,20238.9545674793,2022-11-03 05:00:00+00:00
BTC/USD,11/04/2022,20325.99,21368.32,21479.0,20318.71,20898.855,13777.642981,174978.0,20910.4548483385,2022-11-04 05:00:00+00:00
BTC/USD,11/05/2022,21369.76,21231.2,21446.36,21190.75,21318.555,4452.259192,55626.0,21313.2592635391,2022-11-05 05:00:00+00:00
BTC/USD,11/06/2022,21230.91,20850.52,21307.67,20815.0,21061.335,5379.711626,85437.0,21067.2795570945,2022-11-06 05:00:00+00:00
BTC/USD,11/07/2022,20848.5,19709.07,20903.06,19350.0,20126.53,13053.092915,157729.0,20332.9459143981,2022-11-07 06:00:00+00:00
BTC/USD,11/08/2022,19708.85,18391.9,20677.1,17600.0,19138.55,23946.119195,279343.0,19249.8256191034,2022-11-08 06:00:00+00:00
BTC/USD,11/09/2022,18391.72,16681.8,18447.49,15567.0,17007.245000000003,20431.392018,253677.0,16939.4255328781,2022-11-09 06:00:00+00:00
BTC/USD,11/10/2022,16680.18,17310.0,18154.76,16156.36,17155.559999999998,14784.3101,210159.0,17349.4975882847,2022-11-10 06:00:00+00:00
BTC/USD,11/11/2022,17305.8,16661.27,17502.58,16330.17,16916.375,13467.295266,189155.0,16957.5469950148,2022-11-11 06:00:00+00:00
BTC/USD,11/12/2022,16660.22,16829.64,16965.08,16637.83,16801.455,3757.965157,61433.0,16819.1282145728,2022-11-12 06:00:00+00:00
BTC/USD,11/13/2022,16826.24,15832.13,16838.86,15790.46,16314.66,5379.3093,102126.0,16301.2148357058,2022-11-13 06:00:00+00:00
BTC/USD,11/14/2022,15835.29,16637.69,17130.04,15816.45,16473.245000000003,4507.093337,123495.0,16565.518608464,2022-11-14 06:00:00+00:00
BTC/USD,11/15/2022,16634.54,16903.02,17100.0,16595.02,16847.510000000002,6870.477971,119611.0,16871.6763631543,2022-11-15 06:00:00+00:00
BTC/USD,11/16/2022,16906.55,16571.05,16921.7,16367.32,16644.510000000002,5558.002263,89529.0,16584.1215677405,2022-11-16 06:00:00+00:00
BTC/USD,11/17/2022,16564.76,16791.3,16982.5,16419.0,16700.75,5272.557031,78504.0,16694.3565559692,2022-11-17 06:00:00+00:00
BTC/USD,11/18/2022,16793.55,16580.8,16837.0,16526.93,16681.965,4085.711602,69502.0,16657.6710373434,2022-11-18 06:00:00+00:00
BTC/USD,11/19/2022,16577.4,16667.88,16803.36,16546.86,16675.11,2223.43671,36166.0,16662.1652243927,2022-11-19 06:00:00+00:00
BTC/USD,11/20/2022,16668.14,16205.09,16716.74,15876.89,16296.815,5329.602884,81485.0,16307.8667387063,2022-11-20 06:00:00+00:00
BTC/USD,11/21/2022,16205.09,15781.17,16257.9,15468.58,15863.24,9542.308548,112773.0,15905.5949927971,2022-11-21 06:00:00+00:00
BTC/USD,11/22/2022,15782.19,16445.38,16572.75,15599.93,16086.34,9081.783727,108559.0,16116.9358827098,2022-11-22 06:00:00+00:00
BTC/USD,11/23/2022,16445.38,16638.24,16790.0,16300.92,16545.46,8047.910575,100477.0,16539.5054445485,2022-11-23 06:00:00+00:00
BTC/USD,11/24/2022,16642.7,16347.57,16706.26,16340.0,16523.129999999997,5100.860089,71166.0,16539.1751960309,2022-11-24 06:00:00+00:00
BTC/USD,11/25/2022,16349.43,16615.59,16688.0,16326.8,16507.4,3272.342542,47458.0,16520.4010493056,2022-11-25 06:00:00+00:00
BTC/USD,11/26/2022,16615.6,16528.64,16672.23,16381.63,16526.93,1938.452557,37401.0,16522.7688863115,2022-11-26 06:00:00+00:00
BTC/USD,11/27/2022,16529.86,16158.06,16586.3,16043.48,16314.89,3851.917174,60673.0,16357.0603315657,2022-11-27 06:00:00+00:00
BTC/USD,11/28/2022,16158.08,16474.07,16526.86,15990.1,16258.48,8539.562065,106229.0,16231.2288190166,2022-11-28 06:00:00+00:00
BTC/USD,11/29/2022,16473.7,16859.03,17080.25,16325.2,16702.725,8837.023845,121722.0,16649.1010561726,2022-11-29 06:00:00+00:00
BTC/USD,11/30/2022,16861.3,17112.2,17244.0,16707.41,16975.705,9202.327843,135573.0,16982.7296572436,2022-11-30 06:00:00+00:00
BTC/USD,12/01/2022,17112.8,16936.52,17312.76,16858.78,17085.769999999997,5872.0494,109770.0,17010.9972709263,2022-12-01 06:00:00+00:00
BTC/USD,12/02/2022,16936.52,17018.69,17162.67,16793.12,16977.894999999997,5166.704379,105954.0,16974.1000247439,2022-12-02 06:00:00+00:00
BTC/USD,12/03/2022,17018.69,17015.51,17072.67,16862.77,16967.72,3323.272891,57416.0,16955.830792504,2022-12-03 06:00:00+00:00
BTC/USD,12/04/2022,17019.21,17344.37,17424.31,16911.06,17167.685,6008.05676,100723.0,17143.0768793409,2022-12-04 06:00:00+00:00
BTC/USD,12/05/2022,17344.37,16978.02,17389.03,16870.58,17129.805,7324.949316,119394.0,17089.2820433443,2022-12-05 06:00:00+00:00
BTC/USD,12/06/2022,16976.05,17006.81,17138.6,16908.65,17023.625,5178.739307,96054.0,17002.5699160728,2022-12-06 06:00:00+00:00
BTC/USD,12/07/2022,17006.5,16818.59,17007.96,16669.0,16838.48,4495.869415,89274.0,16823.3715361383,2022-12-07 06:00:00+00:00
BTC/USD,12/08/2022,16817.15,17219.55,17298.59,16741.67,17020.129999999997,4976.521223,99208.0,17077.0198084524,2022-12-08 06:00:00+00:00
BTC/USD,12/09/2022,17218.75,17135.44,17350.45,17068.92,17209.684999999998,3622.473632,69631.0,17166.330092216,2022-12-09 06:00:00+00:00
BTC/USD,12/10/2022,17134.87,17173.03,17228.61,17095.9,17162.255,1574.192961,33742.0,17160.5276564528,2022-12-10 06:00:00+00:00
BTC/USD,12/11/2022,17175.43,16946.66,17270.31,16875.0,17072.655,3327.022857,62559.0,17062.3787825975,2022-12-11 06:00:00+00:00
BTC/USD,12/12/2022,16944.9,17190.04,17240.0,16902.87,17071.434999999998,3571.157085,74042.0,17067.5241236322,2022-12-12 06:00:00+00:00
BTC/USD,12/13/2022,17192.04,17787.6,17988.8,17085.0,17536.9,7093.527259,159779.0,17690.8227419944,2022-12-13 06:00:00+00:00
BTC/USD,12/14/2022,17787.69,17718.06,18379.3,17557.42,17968.36,12695.134078,182728.0,17915.4190268009,2022-12-14 06:00:00+00:00
BTC/USD,12/15/2022,17716.82,17410.24,17746.31,17283.19,17514.75,6770.795907,102212.0,17475.3264478356,2022-12-15 06:00:00+00:00
BTC/USD,12/16/2022,17408.84,16691.8,17528.68,16534.69,17031.684999999998,10094.6609,138301.0,16925.1194336229,2022-12-16 06:00:00+00:00
BTC/USD,12/17/2022,16696.39,16740.59,16802.48,16650.0,16726.239999999998,2733.905799,55235.0,16718.0644543657,2022-12-17 06:00:00+00:00
BTC/USD,12/18/2022,16741.89,16708.35,16850.83,16631.45,16741.14,2632.542393,50054.0,16735.9277411012,2022-12-18 06:00:00+00:00
BTC/USD,12/19/2022,16707.76,16790.0,16873.46,16288.0,16580.73,7144.991841,103134.0,16626.1558432852,2022-12-19 06:00:00+00:00
BTC/USD,12/20/2022,16789.91,16833.87,17050.56,16718.29,16884.425000000003,5586.092285702,81516.0,16851.7710485027,2022-12-20 06:00:00+00:00
BTC/USD,12/21/2022,16835.81,16824.59,16919.68,16731.85,16825.765,2983.0164377,48439.0,16823.0506317753,2022-12-21 06:00:00+00:00
BTC/USD,12/22/2022,16827.22,16821.83,16891.26,16564.69,16727.975,4156.739811111,68488.0,16749.3386761693,2022-12-22 06:00:00+00:00
BTC/USD,12/23/2022,16822.3,16821.65,16941.04,16748.44,16844.739999999998,3483.009282718,58160.0,16830.1346522976,2022-12-23 06:00:00+00:00
BTC/USD,12/24/2022,16823.21,16830.0,16860.0,16805.0,16832.5,1306.340383583,24401.0,16831.2315693389,2022-12-24 06:00:00+00:00
BTC/USD,12/25/2022,16831.81,16856.15,16918.59,16729.2,16823.895,2106.879832935,39852.0,16819.0134794838,2022-12-25 06:00:00+00:00
BTC/USD,12/26/2022,16856.15,16872.13,16972.2,16792.93,16882.565000000002,2231.66681558,44486.0,16864.1933785428,2022-12-26 06:00:00+00:00
BTC/USD,12/27/2022,16872.72,16599.15,16890.0,16562.85,16726.425,4078.846778157,70487.0,16722.2696322588,2022-12-27 06:00:00+00:00
BTC/USD,12/28/2022,16597.1,16573.15,16775.1,16465.58,16620.34,4341.727683969,72551.0,16595.3370606559,2022-12-28 06:00:00+00:00
BTC/USD,12/29/2022,16573.15,16550.57,16655.05,16512.71,16583.879999999997,3029.561520752,60558.0,16600.5173166025,2022-12-29 06:00:00+00:00
BTC/USD,12/30/2022,16547.4,16532.87,16641.27,16355.0,16498.135000000002,4021.30110699,68911.0,16518.2295196063,2022-12-30 06:00:00+00:00
BTC/USD,12/31/2022,16534.08,16522.29,16632.33,16466.86,16549.595,2451.303965503,46865.0,16546.4119349718,2022-12-31 06:00:00+00:00
BTC/USD,01/01/2023,16525.0,16642.78,16695.31,16495.06,16595.185,1651.559056837,34627.0,16578.5604866654,2023-01-01 06:00:00+00:00
BTC/USD,01/02/2023,16644.37,16718.82,16779.0,16630.47,16704.735,2285.656433051,41468.0,16708.4519332608,2023-01-02 06:00:00+00:00
BTC/USD,01/03/2023,16721.01,16850.59,16900.0,16600.0,16750.0,3790.536364256,64904.0,16722.3149669467,2023-01-03 06:00:00+00:00
BTC/USD,01/04/2023,16852.62,16840.5,16984.54,16760.57,16872.555,4847.939963443,81942.0,16848.8578438445,2023-01-04 06:00:00+00:00
BTC/USD,01/05/2023,16838.47,16803.47,16873.28,16755.45,16814.364999999998,2580.410942528,57481.0,16822.7081365567,2023-01-05 06:00:00+00:00
BTC/USD,01/06/2023,16803.36,16926.62,17022.87,16675.0,16848.934999999998,4927.378570204,68356.0,16847.1496301761,2023-01-06 06:00:00+00:00
BTC/USD,01/07/2023,16926.6,16936.0,16949.0,16900.9,16924.95,1044.522619881,20189.0,16925.4861208911,2023-01-07 06:00:00+00:00
BTC/USD,01/08/2023,16935.27,17196.67,17248.53,16910.0,17079.265,4781.20340018,60226.0,17095.0696564978,2023-01-08 06:00:00+00:00
BTC/USD,01/09/2023,17198.94,17221.37,17387.05,17126.73,17256.89,6368.899439559,89030.0,17245.5550651889,2023-01-09 06:00:00+00:00
