tweetDate,compoundScore,negativeScore,positiveScore,neutralScore,count
2021-02-05,0.1035665803108808,0.0305,0.0719287564766839,0.8975777202072538,772.0
2021-02-06,0.1109182795698924,0.0262896505376344,0.071880376344086,0.9018279569892472,1488.0
2021-02-07,0.1159920444824636,0.0244414029084687,0.0718109495295124,0.903743370402053,1169.0
2021-02-08,0.1388684905660377,0.0234056603773584,0.08195,0.8946443396226416,3180.0
2021-02-09,0.1196981921979067,0.0252711703139866,0.073754995242626,0.9009700285442436,2102.0
2021-02-10,0.1242992753623188,0.0273642951251646,0.0776548089591567,0.8949762845849802,1518.0
2021-02-11,0.13000559963327332,0.0250025957768737,0.07857127166620177,0.8964227542002058,1377.3333333333333
2021-02-12,0.13571192390422787,0.022640896428582802,0.07948773437324683,0.8978692238154313,1236.6666666666667
2021-02-13,0.1414182481751824,0.0202791970802919,0.0804041970802919,0.8993156934306569,1096.0
2021-02-14,0.112052580195258,0.0287663877266387,0.0745495118549511,0.8966757322175732,1434.0
2021-02-15,0.1045180952380952,0.0319619047619047,0.0776783882783882,0.8903582417582417,1365.0
2021-02-16,0.11244914172713948,0.0303001500785705,0.07809297075437223,0.8916036776719758,1209.6666666666667
2021-02-17,0.12038018821618374,0.0286383953952363,0.07850755323035627,0.8928491135857098,1054.3333333333333
2021-02-18,0.128311234705228,0.0269766407119021,0.0789221357063403,0.8940945494994439,899.0
2021-02-19,0.1109988171064604,0.028255686988171,0.0773325750682438,0.8944099181073704,2198.0
2021-02-20,0.10648408440947663,0.0306267403027456,0.07639816085691413,0.8929732113073636,1959.6666666666667
2021-02-21,0.10196935171249287,0.0329977936173202,0.07546374664558447,0.8915365045073568,1721.3333333333333
2021-02-22,0.0974546190155091,0.0353688469318948,0.0745293324342548,0.89009979770735,1483.0
2021-02-23,0.09528802943889664,0.036544720833040716,0.07503500413017679,0.888419216617271,1368.6666666666667
2021-02-24,0.09312143986228416,0.03772059473418663,0.07554067582609877,0.886738635527192,1254.3333333333333
2021-02-25,0.0909548502856717,0.038896468635332554,0.07604634752202075,0.8850580544371129,1140.0
2021-02-26,0.08878826070905924,0.04007234253647847,0.07655201921794273,0.8833774733470339,1025.6666666666667
2021-02-27,0.08662167113244676,0.041248216437624385,0.07705769091386472,0.8816968922569549,911.3333333333334
2021-02-28,0.0844550815558343,0.0424240903387703,0.0775633626097867,0.8800163111668758,797.0
2021-03-01,0.08419014686894027,0.04198771848979118,0.07715287509980609,0.8808621010607962,735.9090909090909
2021-03-02,0.08392521218204624,0.041551346640812066,0.07674238758982549,0.8817078909547166,674.8181818181818
2021-03-03,0.08366027749515222,0.041114974791832945,0.07633190007984487,0.882553680848637,613.7272727272727
2021-03-04,0.0833953428082582,0.040678602942853824,0.07592141256986426,0.8833994707425573,552.6363636363636
2021-03-05,0.08313040812136416,0.04024223109387471,0.07551092505988366,0.8842452606364777,491.5454545454545
2021-03-06,0.08286547343447014,0.03980585924489559,0.07510043754990305,0.8850910505303982,430.45454545454544
2021-03-07,0.0826005387475761,0.039369487395916475,0.07468995003992245,0.8859368404243185,369.3636363636364
2021-03-08,0.08233560406068208,0.038933115546937354,0.07427946252994183,0.8867826303182389,308.27272727272725
2021-03-09,0.08207066937378805,0.03849674369795823,0.07386897501996122,0.8876284202121593,247.18181818181813
2021-03-10,0.08180573468689402,0.03806037184897912,0.07345848750998062,0.8884742101060796,186.090909090909
2021-03-11,0.0815408,0.037624,0.073048,0.88932,125.0
2021-03-12,0.0891462068965517,0.0314454022988505,0.0686568965517241,0.8999005747126437,1740.0
2021-03-13,0.09011372071175948,0.031167922929560783,0.06873764552018859,0.900096918287651,1700.0
2021-03-14,0.09108123452696726,0.030890443560271073,0.06881839448865308,0.9002932618626585,1660.0
2021-03-15,0.09204874834217504,0.03061296419098136,0.06889914345711756,0.9004896054376659,1620.0
2021-03-16,0.09301626215738282,0.030335484821691648,0.06897989242558206,0.9006859490126732,1580.0
2021-03-17,0.0939837759725906,0.030058005452401934,0.06906064139404654,0.9008822925876805,1540.0
2021-03-18,0.09495128978779838,0.029780526083112224,0.06914139036251103,0.9010786361626879,1500.0
2021-03-19,0.09591880360300616,0.02950304671382251,0.06922213933097551,0.9012749797376953,1460.0
2021-03-20,0.09688631741821394,0.0292255673445328,0.06930288829944001,0.9014713233127026,1420.0
2021-03-21,0.09785383123342171,0.028948087975243085,0.06938363726790449,0.9016676668877099,1380.0
2021-03-22,0.0988213450486295,0.02867060860595337,0.06946438623636898,0.9018640104627174,1340.0
2021-03-23,0.09978885886383727,0.02839312923666366,0.06954513520483346,0.9020603540377248,1300.0
2021-03-24,0.10075637267904505,0.02811564986737395,0.06962588417329796,0.9022566976127321,1260.0
2021-03-25,0.10172388649425283,0.027838170498084236,0.06970663314176244,0.9024530411877394,1220.0
2021-03-26,0.10269140030946061,0.027560691128794522,0.06978738211022692,0.9026493847627468,1180.0
2021-03-27,0.10365891412466839,0.02728321175950481,0.06986813107869141,0.9028457283377542,1140.0
2021-03-28,0.10462642793987617,0.027005732390215097,0.0699488800471559,0.9030420719127615,1100.0
2021-03-29,0.10559394175508395,0.026728253020925387,0.07002962901562039,0.9032384154877688,1060.0
2021-03-30,0.10656145557029173,0.026450773651635673,0.07011037798408487,0.9034347590627763,1020.0
2021-03-31,0.10752896938549951,0.02617329428234596,0.07019112695254937,0.9036311026377837,980.0
2021-04-01,0.10849648320070729,0.02589581491305625,0.07027187592101385,0.903827446212791,940.0
2021-04-02,0.10946399701591507,0.025618335543766538,0.07035262488947834,0.9040237897877983,900.0
2021-04-03,0.11043151083112285,0.025340856174476824,0.07043337385794282,0.9042201333628057,860.0
2021-04-04,0.11139902464633063,0.02506337680518711,0.07051412282640732,0.9044164769378131,820.0
2021-04-05,0.1123665384615384,0.0247858974358974,0.0705948717948718,0.9046128205128204,780.0
2021-04-06,0.1043540930979133,0.0283892455858747,0.0701123595505618,0.9014911717495988,1246.0
2021-04-07,0.0818197984161267,0.0343974082073434,0.0650215982721382,0.9005817134629229,1389.0
2021-04-08,0.08133604743083,0.0325509881422924,0.0652071146245059,0.9022411067193676,1265.0
2021-04-09,0.0936187643020595,0.031626239511823,0.0680816170861937,0.9002890922959573,1311.0
2021-04-10,0.1217500615763546,0.0272567733990147,0.0756945812807881,0.8970480295566503,1624.0
2021-04-11,0.1121619537275064,0.0254460154241645,0.0729010282776349,0.901646529562982,778.0
2021-04-12,0.0887140957446808,0.0331303191489361,0.0675797872340425,0.8992885638297872,752.0
2021-04-13,0.11939977217096587,0.03282195443419312,0.07470188288457912,0.8924697891169271,646.8
2021-04-14,0.15008544859725095,0.03251358971945014,0.08182397853511574,0.885651014404067,541.6
2021-04-15,0.18077112502353604,0.032205225004707155,0.08894607418565235,0.8788322396912068,436.4
2021-04-16,0.2114568014498211,0.03189686028996418,0.09606816983618897,0.8720134649783468,331.2
2021-04-17,0.2421424778761062,0.0315884955752212,0.1031902654867256,0.8651946902654867,226.0
2021-04-18,0.1140953263037902,0.038312909660872,0.0712376745511541,0.8904408663436876,3509.0
2021-04-19,0.1220546869824445,0.0332931434249751,0.0661374627360053,0.9005644253063929,3019.0
2021-04-20,0.1241906230529595,0.0308922118380062,0.0648850467289719,0.9042121495327105,3210.0
2021-04-21,0.1160803693774203,0.0320598748882931,0.0662180518319928,0.9017182007745012,3357.0
2021-04-22,0.0987971405665419,0.0353981827899519,0.0656338856226616,0.8989583110636024,3742.0
2021-04-23,0.1129953367875647,0.0372310409797456,0.0694300518134715,0.8933337258596326,4246.0
2021-04-24,0.1433637955182072,0.0365294117647058,0.0735553221288515,0.889907212885154,2856.0
2021-04-25,0.1438241991690273,0.03623394881865097,0.0736028844344684,0.8901551933456154,2833.2580645161293
2021-04-26,0.14428460281984742,0.03593848587259614,0.07365044674008529,0.8904031738060769,2810.516129032258
2021-04-27,0.14474500647066754,0.035643022926541305,0.0736980090457022,0.8906511542665385,2787.7741935483873
2021-04-28,0.14520541012148766,0.03534755998048647,0.0737455713513191,0.890899134727,2765.032258064516
2021-04-29,0.14566581377230778,0.03505209703443164,0.07379313365693599,0.8911471151874615,2742.2903225806454
2021-04-30,0.1461262174231279,0.03475663408837681,0.07384069596255288,0.891395095647923,2719.548387096774
2021-05-01,0.14658662107394801,0.03446117114232198,0.07388825826816978,0.8916430761083846,2696.8064516129034
2021-05-02,0.1470470247247681,0.034165708196267144,0.07393582057378668,0.891891056568846,2674.064516129032
2021-05-03,0.14750742837558822,0.03387024525021231,0.07398338287940358,0.8921390370293075,2651.3225806451615
2021-05-04,0.14796783202640834,0.03357478230415748,0.07403094518502047,0.892387017489769,2628.5806451612902
2021-05-05,0.14842823567722846,0.033279319358102646,0.07407850749063737,0.8926349979502305,2605.8387096774195
2021-05-06,0.14888863932804858,0.03298385641204781,0.07412606979625426,0.8928829784106921,2583.0967741935483
2021-05-07,0.1493490429788687,0.03268839346599298,0.07417363210187117,0.8931309588711536,2560.3548387096776
2021-05-08,0.1498094466296888,0.03239293051993815,0.07422119440748806,0.893378939331615,2537.6129032258063
2021-05-09,0.15026985028050893,0.03209746757388332,0.07426875671310496,0.8936269197920765,2514.8709677419356
2021-05-10,0.15073025393132905,0.031802004627828485,0.07431631901872185,0.8938749002525381,2492.1290322580644
2021-05-11,0.15119065758214917,0.03150654168177365,0.07436388132433874,0.8941228807129996,2469.3870967741937
2021-05-12,0.1516510612329693,0.03121107873571882,0.07441144362995564,0.8943708611734611,2446.6451612903224
2021-05-13,0.1521114648837894,0.030915615789663987,0.07445900593557254,0.8946188416339226,2423.9032258064517
2021-05-14,0.15257186853460952,0.030620152843609156,0.07450656824118944,0.8948668220943842,2401.1612903225805
2021-05-15,0.15303227218542964,0.030324689897554324,0.07455413054680633,0.8951148025548457,2378.4193548387098
2021-05-16,0.15349267583624976,0.03002922695149949,0.07460169285242323,0.8953627830153071,2355.6774193548385
2021-05-17,0.15395307948706988,0.029733764005444658,0.07464925515804012,0.8956107634757686,2332.935483870968
2021-05-18,0.15441348313788997,0.029438301059389826,0.07469681746365703,0.8958587439362301,2310.1935483870966
2021-05-19,0.15487388678871009,0.02914283811333499,0.07474437976927392,0.8961067243966917,2287.451612903226
2021-05-20,0.1553342904395302,0.02884737516728016,0.07479194207489082,0.8963547048571532,2264.709677419355
2021-05-21,0.15579469409035032,0.02855191222122533,0.07483950438050771,0.8966026853176147,2241.967741935484
2021-05-22,0.15625509774117044,0.028256449275170493,0.0748870666861246,0.8968506657780762,2219.2258064516127
2021-05-23,0.15671550139199056,0.027960986329115665,0.07493462899174151,0.8970986462385377,2196.483870967742
2021-05-24,0.15717590504281068,0.02766552338306083,0.0749821912973584,0.8973466266989992,2173.741935483871
2021-05-25,0.1576363086936308,0.027370060437006,0.0750297536029753,0.8975946071594607,2151.0
2021-05-26,0.1199270979967514,0.0317994044396318,0.0704558743909041,0.8977382241472658,3694.0
2021-05-27,0.163586851628468,0.0266927020506634,0.0747391435464415,0.8985585042219542,3316.0
2021-05-28,0.1402515375153751,0.0350991389913899,0.0782954489544895,0.8865950799507996,4065.0
2021-05-29,0.1116449784172661,0.0331732374100719,0.0688762589928057,0.8979418705035971,3475.0
2021-05-30,0.11659802038491233,0.0334418663249551,0.07088073325811611,0.8956690930511846,3564.909090909091
2021-05-31,0.12155106235255857,0.033710495239838295,0.07288520752342655,0.8933963155987721,3654.818181818182
2021-06-01,0.12650410432020479,0.033979124154721485,0.07488968178873696,0.8911235381463597,3744.727272727273
2021-06-02,0.13145714628785102,0.03424775306960468,0.07689415605404738,0.8888507606939472,3834.6363636363635
2021-06-03,0.13641018825549725,0.03451638198448788,0.07889863031935782,0.8865779832415347,3924.5454545454545
2021-06-04,0.14136323022314348,0.034785010899371076,0.08090310458466823,0.8843052057891222,4014.4545454545455
2021-06-05,0.14631627219078971,0.035053639814254266,0.08290757884997865,0.8820324283367098,4104.363636363636
2021-06-06,0.15126931415843595,0.03532226872913746,0.08491205311528907,0.8797596508842973,4194.272727272727
2021-06-07,0.15622235612608218,0.03559089764402066,0.0869165273805995,0.8774868734318848,4284.181818181818
2021-06-08,0.1611753980937284,0.035859526558903856,0.08892100164590992,0.8752140959794723,4374.090909090909
2021-06-09,0.16612844006137464,0.036128155473787046,0.09092547591122035,0.8729413185270598,4464.0
2021-06-10,0.17108148202902088,0.03639678438867024,0.09292995017653077,0.8706685410746474,4553.909090909091
2021-06-11,0.1760345239966671,0.03666541330355344,0.09493442444184119,0.8683957636222349,4643.818181818182
2021-06-12,0.18098756596431334,0.03693404221843664,0.09693889870715161,0.8661229861698224,4733.727272727273
2021-06-13,0.18594060793195957,0.037202671133319834,0.09894337297246204,0.8638502087174099,4823.636363636364
2021-06-14,0.1908936498996058,0.037471300048203024,0.10094784723777246,0.8615774312649975,4913.545454545454
2021-06-15,0.19584669186725204,0.03773992896308622,0.1029523215030829,0.859304653812585,5003.454545454546
2021-06-16,0.20079973383489827,0.03800855787796942,0.10495679576839331,0.8570318763601725,5093.363636363636
2021-06-17,0.2057527758025445,0.038277186792852615,0.10696127003370373,0.85475909890776,5183.272727272727
2021-06-18,0.21070581777019073,0.03854581570773581,0.10896574429901415,0.8524863214553475,5273.181818181818
2021-06-19,0.21565885973783697,0.038814444622619,0.11097021856432457,0.8502135440029351,5363.090909090909
2021-06-20,0.2206119017054832,0.0390830735375022,0.112974692829635,0.8479407665505226,5453.0
2021-06-21,0.1915254215167548,0.0439113932980599,0.1105840564373897,0.8455028218694886,28350.0
2021-06-22,0.1534747250980644,0.0462207896598289,0.0989017748054787,0.8548744132210148,31102.0
2021-06-23,0.1593553210552513,0.046974962667994,0.1045540069686411,0.848469636635142,20090.0
2021-06-24,0.16371874201887082,0.045456542185903934,0.103937152660295,0.8506047514678647,19151.88888888889
2021-06-25,0.16808216298249032,0.043938121703813865,0.1033202983519489,0.8527398663005875,18213.777777777777
2021-06-26,0.17244558394610984,0.0424197012217238,0.1027034440436028,0.8548749811333103,17275.666666666668
2021-06-27,0.17680900490972934,0.040901280739633734,0.10208658973525671,0.8570100959660331,16337.555555555555
2021-06-28,0.18117242587334886,0.039382860257543666,0.1014697354269106,0.8591452107987559,15399.444444444445
2021-06-29,0.18553584683696836,0.0378644397754536,0.1008528811185645,0.8612803256314787,14461.333333333334
2021-06-30,0.18989926780058788,0.036346019293363535,0.1002360268102184,0.8634154404642015,13523.222222222223
2021-07-01,0.19426268876420738,0.034827598811273466,0.0996191725018723,0.8655505552969243,12585.111111111111
2021-07-02,0.1986261097278269,0.0333091783291834,0.0990023181935262,0.867685670129647,11647.0
2021-07-03,0.2625000370942813,0.0327008346213292,0.1222377125193199,0.845056630602782,16175.0
2021-07-04,0.2575369111424541,0.0287890691114245,0.1163722143864598,0.8548327926657264,14180.0
2021-07-05,0.2607188175498043,0.0299072851551089,0.120004264766022,0.8500836010983233,17117.0
2021-07-06,0.2611207745302667,0.030111107704036074,0.11994185380715716,0.8499423817333723,16444.5
2021-07-07,0.26152273151072913,0.03031493025296325,0.11987944284829233,0.8498011623684214,15772.0
2021-07-08,0.2619246884911915,0.030518752801890425,0.1198170318894275,0.8496599430034706,15099.5
2021-07-09,0.2623266454716539,0.0307225753508176,0.11975462093056266,0.8495187236385197,14427.0
2021-07-10,0.2627286024521163,0.030926397899744773,0.11969220997169783,0.8493775042735687,13754.5
2021-07-11,0.2631305594325787,0.031130220448671947,0.119629799012833,0.8492362849086178,13082.0
2021-07-12,0.2635325164130411,0.03133404299759912,0.11956738805396817,0.8490950655436669,12409.5
2021-07-13,0.2639344733935035,0.031537865546526295,0.11950497709510334,0.8489538461787159,11737.0
2021-07-14,0.2643364303739659,0.031741688095453476,0.1194425661362385,0.848812626813765,11064.5
2021-07-15,0.26473838735442834,0.03194551064438065,0.11938015517737367,0.8486714074488142,10392.0
2021-07-16,0.2651403443348907,0.03214933319330782,0.11931774421850884,0.8485301880838633,9719.5
2021-07-17,0.2655423013153531,0.032353155742235,0.119255333259644,0.8483889687189123,9047.0
2021-07-18,0.3899946706143598,0.0240737345555998,0.1631156408358481,0.8128067528326596,17563.0
2021-07-19,0.2971430092151255,0.0313817921830314,0.1385570914098083,0.8300577269357059,18882.0
2021-07-20,0.1952464126695001,0.0396342339607366,0.1059956992511637,0.854363387978142,19764.0
2021-07-21,0.2558513435843845,0.0292912219153541,0.1191771292080316,0.851525304172576,26794.0
2021-07-22,0.3124667210440456,0.0252547333036729,0.134172178555539,0.8405697760640664,20229.0
2021-07-23,0.2847167293494915,0.0270923526953614,0.1228892603426661,0.8500172726006407,21537.0
2021-07-24,0.274961647791364,0.0286532960339304,0.1206400758020123,0.8507070793665118,22163.0
2021-07-25,0.2283379296235679,0.0285702400436443,0.0970752864157119,0.8743484724495363,7332.0
2021-07-26,0.2013363023302397,0.0337243106096013,0.0987566268278026,0.8675180610269079,14977.0
2021-07-27,0.2446196563285834,0.0299867979882648,0.107389459346186,0.8626222757753562,9544.0
2021-07-28,0.2403711462076792,0.0277153395120105,0.1012457915642141,0.8710382069226404,10574.0
2021-07-29,0.4226898654215875,0.0162609859928591,0.1565574018126888,0.8271774237846746,14564.0
2021-07-30,0.2521306509243436,0.0291183004505204,0.1121767127543886,0.8587034721143391,25748.0
2021-07-31,0.24529061613155248,0.02905324989962408,0.10788267982355938,0.8630617267618027,20845.8
2021-08-01,0.23845058133876137,0.02898819934872776,0.10358864689273016,0.8674199814092663,15943.6
2021-08-02,0.23161054654597024,0.02892314879783144,0.09929461396190095,0.87177823605673,11041.400000000001
2021-08-03,0.22477051175317914,0.02885809824693512,0.09500058103107173,0.8761364907041936,6139.200000000001
2021-08-04,0.217930476960388,0.0287930476960388,0.0907065481002425,0.8804947453516573,1237.0
2021-08-05,0.2326191697955778,0.0256193158114309,0.0940692532332081,0.8803083020442221,9588.0
2021-08-06,0.2602308768338451,0.0228544012282497,0.094949164107813,0.8821914022517912,11724.0
2021-08-07,0.2447541304114298,0.0253035771833709,0.0962159200773445,0.8784787839724998,9309.0
2021-08-08,0.2757196448288553,0.0274353146853146,0.1203318457857931,0.8522300791313949,21736.0
2021-08-09,0.3401540039468217,0.0240658496053178,0.1299343581221437,0.845997611134192,38512.0
2021-08-10,0.3393383103003145,0.02391967548257356,0.13097933523721075,0.8450989712602948,32713.6
2021-08-11,0.33852261665380734,0.023773501359829318,0.1320243123522778,0.8442003313863976,26915.2
2021-08-12,0.3377069230073001,0.02362732723708508,0.1330692894673448,0.8433016915125003,21116.800000000003
2021-08-13,0.3368912293607929,0.02348115311434084,0.13411426658241185,0.8424030516386032,15318.400000000001
2021-08-14,0.3360755357142857,0.0233349789915966,0.1351592436974789,0.8415044117647059,9520.0
2021-08-15,0.2994153282924962,0.0264498947166921,0.1271584513782542,0.8463894525267993,20896.0
2021-08-16,0.3020483211946315,0.0242342082359946,0.1229958774220145,0.8527681278915303,21831.0
2021-08-17,0.3297282930631333,0.0244685564261393,0.1341570742913402,0.8413735898592937,24377.0
2021-08-18,0.3487517316330967,0.022552057672801,0.1388558542240255,0.8385913997971308,27604.0
2021-08-19,0.2719079757952683,0.0268385090557633,0.1164021515317056,0.856757868638904,23797.0
2021-08-20,0.2905114800723968,0.0249472906585897,0.1230357921176079,0.8520142946847412,27073.0
2021-08-21,0.2747095080154781,0.0257722498618021,0.1198131564400221,0.854410447761194,7236.0
2021-08-22,0.25492685184002656,0.02727467313398145,0.11505453885891576,0.8576680019752918,7124.0
2021-08-23,0.235144195664575,0.0287770964061608,0.1102959212778094,0.8609255561893897,7012.0
2021-08-24,0.298302951694689,0.0247433146517213,0.125072431278356,0.850183026421137,18735.0
2021-08-25,0.4270439253365636,0.0187235085207719,0.1668919692756655,0.8143869724417035,36323.0
2021-08-26,0.3415296271881638,0.0227284479601552,0.1391623086501135,0.8381075587782906,27306.0
2021-08-27,0.3363171288517871,0.0232138239379038,0.13769745581537474,0.8390871479427101,26593.333333333332
2021-08-28,0.3311046305154104,0.023699199915652402,0.136232602980636,0.8400667371071296,25880.666666666668
2021-08-29,0.3258921321790337,0.024184575893401002,0.13476775014589723,0.8410463262715492,25168.0
2021-08-30,0.320679633842657,0.0246699518711496,0.1333028973111585,0.8420259154359687,24455.333333333332
2021-08-31,0.3154671355062803,0.0251553278488982,0.13183804447641972,0.8430055046003883,23742.666666666668
2021-09-01,0.3102546371699036,0.0256407038266468,0.13037319164168099,0.8439850937648078,23030.0
2021-09-02,0.3050421388335269,0.0261260798043954,0.12890833880694222,0.8449646829292273,22317.333333333336
2021-09-03,0.29982964049715016,0.026611455782144,0.12744348597220348,0.8459442720936468,21604.666666666668
2021-09-04,0.29461714216077345,0.027096831759892602,0.1259786331374647,0.8469238612580663,20892.0
2021-09-05,0.28940464382439673,0.027582207737641203,0.12451378030272596,0.8479034504224858,20179.333333333336
2021-09-06,0.2841921454880201,0.028067583715389803,0.1230489274679872,0.8488830395869054,19466.666666666668
2021-09-07,0.27897964715164336,0.0285529596931384,0.12158407463324845,0.8498626287513249,18754.0
2021-09-08,0.27376714881526665,0.029038335670887,0.1201192217985097,0.8508422179157444,18041.333333333336
2021-09-09,0.26855465047888993,0.0295237116486356,0.11865436896377095,0.851821807080164,17328.666666666668
2021-09-10,0.2633421521425132,0.0300090876263842,0.1171895161290322,0.8528013962445835,16616.0
2021-09-11,0.26418261389023817,0.029798037552946695,0.11721970842387718,0.8529821843846604,16636.184210526317
2021-09-12,0.26502307563796307,0.02958698747950919,0.11724990071872216,0.8531629725247375,16656.36842105263
2021-09-13,0.265863537385688,0.029375937406071684,0.11728009301356714,0.8533437606648144,16676.552631578947
2021-09-14,0.2667039991334129,0.02916488733263418,0.11731028530841212,0.8535245488048914,16696.736842105263
2021-09-15,0.26754446088113787,0.028953837259196674,0.11734047760325711,0.8537053369449684,16716.92105263158
2021-09-16,0.26838492262886277,0.02874278718575917,0.11737066989810209,0.8538861250850454,16737.105263157893
2021-09-17,0.2692253843765877,0.028531737112321664,0.11740086219294707,0.8540669132251223,16757.28947368421
2021-09-18,0.27006584612431267,0.02832068703888416,0.11743105448779205,0.8542477013651993,16777.473684210527
2021-09-19,0.27090630787203757,0.028109636965446654,0.11746124678263703,0.8544284895052763,16797.657894736843
2021-09-20,0.2717467696197625,0.02789858689200915,0.11749143907748201,0.8546092776453532,16817.842105263157
2021-09-21,0.2725872313674874,0.027687536818571643,0.11752163137232699,0.8547900657854302,16838.026315789473
2021-09-22,0.27342769311521237,0.027476486745134136,0.11755182366717197,0.8549708539255072,16858.21052631579
2021-09-23,0.2742681548629373,0.027265436671696633,0.11758201596201695,0.8551516420655841,16878.394736842107
2021-09-24,0.2751086166106622,0.027054386598259126,0.11761220825686193,0.8553324302056611,16898.57894736842
2021-09-25,0.27594907835838717,0.026843336524821623,0.11764240055170692,0.8555132183457381,16918.763157894737
2021-09-26,0.27678954010611206,0.026632286451384116,0.1176725928465519,0.8556940064858151,16938.947368421053
2021-09-27,0.277630001853837,0.026421236377946612,0.11770278514139688,0.855874794625892,16959.13157894737
2021-09-28,0.2784704636015619,0.026210186304509105,0.11773297743624186,0.856055582765969,16979.315789473683
2021-09-29,0.27931092534928686,0.0259991362310716,0.11776316973108684,0.856236370906046,16999.5
2021-09-30,0.2801513870970118,0.025788086157634095,0.11779336202593182,0.8564171590461229,17019.684210526317
2021-10-01,0.2809918488447367,0.025577036084196588,0.1178235543207768,0.8565979471862,17039.86842105263
2021-10-02,0.28183231059246167,0.025365986010759085,0.11785374661562178,0.8567787353262769,17060.052631578947
2021-10-03,0.28267277234018656,0.025154935937321578,0.11788393891046677,0.8569595234663538,17080.236842105263
2021-10-04,0.2835132340879115,0.024943885863884074,0.11791413120531176,0.8571403116064309,17100.42105263158
2021-10-05,0.2843536958356364,0.024732835790446567,0.11794432350015674,0.8573210997465078,17120.605263157893
2021-10-06,0.28519415758336136,0.02452178571700906,0.11797451579500172,0.8575018878865848,17140.78947368421
2021-10-07,0.2860346193310863,0.024310735643571557,0.1180047080898467,0.8576826760266618,17160.973684210527
2021-10-08,0.2868750810788112,0.024099685570134054,0.11803490038469168,0.8578634641667388,17181.157894736843
2021-10-09,0.28771554282653616,0.023888635496696547,0.11806509267953666,0.8580442523068157,17201.342105263157
2021-10-10,0.28855600457426106,0.02367758542325904,0.11809528497438164,0.8582250404468926,17221.526315789473
2021-10-11,0.289396466321986,0.023466535349821536,0.11812547726922662,0.8584058285869697,17241.71052631579
2021-10-12,0.2902369280697109,0.02325548527638403,0.1181556695640716,0.8585866167270466,17261.894736842107
2021-10-13,0.29107738981743586,0.023044435202946526,0.11818586185891658,0.8587674048671236,17282.07894736842
2021-10-14,0.2919178515651608,0.02283338512950902,0.11821605415376157,0.8589481930072006,17302.263157894737
2021-10-15,0.2927583133128857,0.022622335056071516,0.11824624644860655,0.8591289811472775,17322.447368421053
2021-10-16,0.29359877506061066,0.02241128498263401,0.11827643874345153,0.8593097692873545,17342.63157894737
2021-10-17,0.29443923680833556,0.022200234909196502,0.11830663103829651,0.8594905574274315,17362.815789473683
2021-10-18,0.2952796985560605,0.021989184835759,0.1183368233331415,0.8596713455675085,17383.0
2021-10-19,0.2731537486623161,0.0229215225465304,0.1158709318673017,0.8612040833455735,47657.0
2021-10-20,0.2553994562702452,0.0219801789295079,0.1071523985809039,0.8708648388091933,25932.0
2021-10-21,0.274513721175584,0.0254280331574981,0.1123549359457422,0.862210007535795,33175.0
2021-10-22,0.3278109661247247,0.0213048540505083,0.1337862062502928,0.8449082368926579,42686.0
2021-10-23,0.3347606213800261,0.0204634570959858,0.1327722387759884,0.8467565703572266,29869.0
2021-10-24,0.32620572772980483,0.021942093716672377,0.13115546678649026,0.8468994989591265,26313.75
2021-10-25,0.31765083407958355,0.02342073033735895,0.12953869479699215,0.8470424275610264,22758.5
2021-10-26,0.3090959404293623,0.024899366958045524,0.12792192280749404,0.8471853561629263,19203.25
2021-10-27,0.300541046779141,0.0263780035787321,0.1263051508179959,0.8473282847648262,15648.0
2021-10-28,0.2818703980099502,0.026150371331747,0.1191390511212055,0.8547094599466436,27738.0
2021-10-29,0.289315112615241,0.0232248414828645,0.1201074415528844,0.8566565137900183,25707.0
2021-10-30,0.2897360200386202,0.023199478373513934,0.1199480858015286,0.8568428875439636,24431.833333333332
2021-10-31,0.2901569274619994,0.023174115264163367,0.1197887300501728,0.8570292612979091,23156.666666666668
2021-11-01,0.2905778348853786,0.023148752154812803,0.11962937429881701,0.8572156350518545,21881.5
2021-11-02,0.2909987423087577,0.023123389045462236,0.1194700185474612,0.8574020088057999,20606.333333333332
2021-11-03,0.2914196497321369,0.02309802593611167,0.1193106627961054,0.8575883825597453,19331.166666666664
2021-11-04,0.2918405571555161,0.0230726628267611,0.1191513070447496,0.8577747563136907,18056.0
2021-11-05,0.2880819484350458,0.0231217867678044,0.1187469639505037,0.8581305213960081,26103.0
2021-11-06,0.3103170302908032,0.0193044931838487,0.1215303916765138,0.8591707640430009,34697.0
2021-11-07,0.29928835647904406,0.020724486831682258,0.1191567098211892,0.8601215078849226,30689.4
2021-11-08,0.28825968266728497,0.02214448047951582,0.11678302796586461,0.8610722517268442,26681.8
2021-11-09,0.2772310088555258,0.02356447412734938,0.11440934611054,0.8620229955687659,22674.2
2021-11-10,0.2662023350437667,0.024984467775182942,0.11203566425521541,0.8629737394106876,18666.6
2021-11-11,0.2551736612320076,0.0264044614230165,0.1096619823998908,0.8639244832526093,14659.0
2021-11-12,0.2855625257192971,0.027016527810571,0.1193750463790602,0.8536196242452861,29647.0
2021-11-13,0.27431388227621173,0.027708185209550616,0.11663270500850773,0.855668479448888,29134.0
2021-11-14,0.26306523883312644,0.028399842608530235,0.11389036363795527,0.85771733465249,28621.0
2021-11-15,0.2518165953900411,0.029091500007509853,0.11114802226740281,0.8597661898560919,28108.0
2021-11-16,0.24056795194695577,0.029783157406489468,0.10840568089685033,0.8618150450596938,27595.0
2021-11-17,0.22931930850387044,0.030474814805469083,0.10566333952629786,0.8638639002632957,27082.0
2021-11-18,0.2180706650607851,0.0311664722044487,0.1029209981557454,0.8659127554668976,26569.0
2021-11-19,0.2457245519575417,0.0310701484501192,0.1084222752095992,0.860506730251519,39003.0
2021-11-20,0.24580581651543743,0.03054849564338746,0.10953147881395774,0.8599199783096029,32091.8
2021-11-21,0.24588708107333318,0.030026842836655722,0.11064068241831627,0.8593332263676867,25180.6
2021-11-22,0.2459683456312289,0.02950519002992398,0.11174988602267483,0.8587464744257707,18269.4
2021-11-23,0.24604961018912466,0.028983537223192243,0.11285908962703337,0.8581597224838545,11358.2
2021-11-24,0.2461308747470204,0.0284618844164605,0.1139682932313919,0.8575729705419384,4447.0
2021-11-25,0.3694957890229106,0.0218664263792734,0.1471015630575976,0.8310329027192921,28022.0
2021-11-26,0.2691697539429258,0.0305959946348457,0.1198379584663059,0.8495615373942,43242.0
2021-11-27,0.2654019841952084,0.030762223977338615,0.11865486664900372,0.8505786210050772,40638.73333333333
2021-11-28,0.26163421444749096,0.030928453319831527,0.11747177483170154,0.8515957046159544,38035.46666666667
2021-11-29,0.2578664446997735,0.03109468266232444,0.11628868301439936,0.8526127882268315,35432.2
2021-11-30,0.25409867495205607,0.03126091200481736,0.11510559119709718,0.8536298718377087,32828.933333333334
2021-12-01,0.25033090520433865,0.03142714134731027,0.113922499379795,0.8546469554485858,30225.666666666664
2021-12-02,0.2465631354566212,0.03159337068980318,0.11273940756249282,0.855664039059463,27622.399999999998
2021-12-03,0.24279536570890378,0.031759600032296095,0.11155631574519065,0.8566811226703401,25019.13333333333
2021-12-04,0.23902759596118633,0.03192582937478901,0.11037322392788845,0.8576982062812174,22415.866666666665
2021-12-05,0.23525982621346891,0.03209205871728192,0.10919013211058629,0.8587152898920946,19812.6
2021-12-06,0.23149205646575147,0.032258288059774834,0.1080070402932841,0.8597323735029717,17209.333333333332
2021-12-07,0.22772428671803405,0.03242451740226775,0.10682394847598192,0.8607494571138489,14606.066666666666
2021-12-08,0.2239565169703166,0.03259074674476066,0.10564085665867974,0.861766540724726,12002.799999999996
2021-12-09,0.22018874722259918,0.03275697608725357,0.10445776484137756,0.8627836243356032,9399.533333333333
2021-12-10,0.21642097747488176,0.032923205429746485,0.10327467302407538,0.8638007079464803,6796.266666666663
2021-12-11,0.2126532077271643,0.0330894347722394,0.1020915812067732,0.8648177915573575,4193.0
2021-12-12,0.22309675719110442,0.03430758723268825,0.1045193206795143,0.8611708745062974,5877.333333333333
2021-12-13,0.23354030665504452,0.0355257396931371,0.1069470601522554,0.8575239574552372,7561.666666666666
2021-12-14,0.2439838561189846,0.03674389215358595,0.1093747996249965,0.8538770404041771,9246.0
2021-12-15,0.2544274055829247,0.0379620446140348,0.1118025390977376,0.8502301233531169,10930.333333333332
2021-12-16,0.2648709550468648,0.03918019707448365,0.11423027857047871,0.8465832063020567,12614.666666666666
2021-12-17,0.2753145045108049,0.0403983495349325,0.1166580180432198,0.8429362892509966,14299.0
2021-12-18,0.26935178160598755,0.039171264267285504,0.11454955544603246,0.8462720985384983,13345.166666666666
2021-12-19,0.26338905870117024,0.0379441789996385,0.1124410928488451,0.8496079078259999,12391.333333333334
2021-12-20,0.2574263357963529,0.0367170937319915,0.11033263025165775,0.8529437171135016,11437.5
2021-12-21,0.2514636128915355,0.0354900084643445,0.1082241676544704,0.8562795264010032,10483.666666666666
2021-12-22,0.2455008899867182,0.0342629231966975,0.10611570505728306,0.8596153356885049,9529.833333333332
2021-12-23,0.23953816708190084,0.0330358379290505,0.10400724246009571,0.8629511449760066,8576.0
2021-12-24,0.2335754441770835,0.0318087526614035,0.10189877986290835,0.8662869542635081,7622.166666666666
2021-12-25,0.22761272127226617,0.0305816673937565,0.099790317265721,0.8696227635510098,6668.333333333333
2021-12-26,0.22164999836744884,0.0293545821261095,0.09768185466853366,0.8729585728385114,5714.5
2021-12-27,0.2156872754626315,0.028127496858462497,0.0955733920713463,0.8762943821260131,4760.666666666666
2021-12-28,0.20972455255781414,0.0269004115908155,0.09346492947415895,0.8796301914135147,3806.833333333332
2021-12-29,0.2037618296529968,0.0256733263231685,0.0913564668769716,0.8829660007010164,2853.0
2021-12-30,0.210515321996097,0.0309349874546975,0.0970314468915528,0.8720596598829105,17935.0
2021-12-31,0.21167830777240962,0.032248629678606686,0.0988086773615441,0.8689639170906632,17136.0
2022-01-01,0.21284129354872225,0.033562271902515865,0.1005859078315354,0.865868174298416,16337.0
2022-01-02,0.21400427932503485,0.034875914126425045,0.1023631383015267,0.8627724315061687,15538.0
2022-01-03,0.21516726510134748,0.03618955635033423,0.104140368771518,0.8596766887139214,14739.0
2022-01-04,0.2163302508776601,0.03750319857424342,0.1059175992415093,0.8565809459216742,13940.0
2022-01-05,0.21749323665397274,0.0388168407981526,0.1076948297115006,0.8534852031294269,13141.0
2022-01-06,0.21865622243028537,0.04013048302206178,0.1094720601814919,0.8503894603371797,12342.0
2022-01-07,0.219819208206598,0.041444125245970964,0.1112492906514832,0.8472937175449324,11543.0
2022-01-08,0.22098219398291064,0.04275776746988015,0.1130265211214745,0.8441979747526852,10744.0
2022-01-09,0.22214517975922324,0.04407140969378933,0.1148037515914658,0.841102231960438,9945.0
2022-01-10,0.22330816553553587,0.04538505191769851,0.1165809820614571,0.8380064891681906,9146.0
2022-01-11,0.2244711513118485,0.0466986941416077,0.1183582125314484,0.8349107463759434,8347.0
2022-01-12,0.2491284077819019,0.0423660885703315,0.1213760399334442,0.8362100985536925,31252.0
2022-01-13,0.2213290429984779,0.0387671867072551,0.1086633371385083,0.8525668442415018,31536.0
2022-01-14,0.2472847120957188,0.0288471676948962,0.1050736586277809,0.8660659469059638,21396.0
2022-01-15,0.2403699741494185,0.0278822868715719,0.10113728153481255,0.8709686520934612,17617.6
2022-01-16,0.23345523620311817,0.0269174060482476,0.09720090444184422,0.8758713572809586,13839.2
2022-01-17,0.22654049825681785,0.0259525252249233,0.09326452734887587,0.8807740624684558,10060.8
2022-01-18,0.21962576031051753,0.024987644401599,0.08932815025590754,0.8856767676559532,6282.4
2022-01-19,0.2127110223642172,0.0240227635782747,0.0853917731629392,0.8905794728434505,2504.0
2022-01-20,0.2209585432672265,0.0325062235721517,0.0962589482460842,0.871216187243166,16791.0
2022-01-21,0.1749663385686874,0.055722869732073,0.0987630232392864,0.8454293937886433,28142.0
2022-01-22,0.1677824657269743,0.0491798995945163,0.0988312415524232,0.8519351033017957,51790.0
2022-01-23,0.17185284901483705,0.04833133921158928,0.09934312270287164,0.8522730975030056,49945.0
2022-01-24,0.1759232323026998,0.04748277882866226,0.09985500385332008,0.8526110917042155,48100.0
2022-01-25,0.17999361559056254,0.04663421844573524,0.10036688500376852,0.8529490859054254,46255.0
2022-01-26,0.18406399887842528,0.04578565806280822,0.10087876615421695,0.8532870801066352,44410.0
2022-01-27,0.18813438216628803,0.04493709767988119,0.1013906473046654,0.8536250743078452,42565.0
2022-01-28,0.19220476545415077,0.04408853729695417,0.10190252845511384,0.853963068509055,40720.0
2022-01-29,0.19627514874201352,0.043239976914027145,0.10241440960556228,0.854301062710265,38875.0
2022-01-30,0.20034553202987626,0.04239141653110012,0.10292629075601072,0.8546390569114748,37030.0
2022-01-31,0.204415915317739,0.0415428561481731,0.10343817190645915,0.8549770511126847,35185.0
2022-02-01,0.20848629860560175,0.04069429576524608,0.10395005305690759,0.8553150453138947,33340.0
2022-02-02,0.2125566818934645,0.03984573538231906,0.10446193420735603,0.8556530395151045,31495.0
2022-02-03,0.21662706518132724,0.03899717499939204,0.10497381535780446,0.8559910337163145,29650.0
2022-02-04,0.22069744846918998,0.038148614616465015,0.1054856965082529,0.8563290279175243,27805.0
2022-02-05,0.22476783175705273,0.037300054233537994,0.10599757765870135,0.8566670221187342,25960.0
2022-02-06,0.22883821504491547,0.036451493850610965,0.10650945880914979,0.8570050163199441,24115.0
2022-02-07,0.23290859833277822,0.03560293346768394,0.10702133995959823,0.857343010521154,22270.0
2022-02-08,0.23697898162064096,0.03475437308475692,0.10753322111004666,0.8576810047223639,20425.0
2022-02-09,0.2410493649085037,0.0339058127018299,0.1080451022604951,0.8580189989235738,18580.0
2022-02-10,0.23023482099210385,0.03381192288873664,0.10482578731415793,0.8613374014435966,15645.0
2022-02-11,0.21942027707570402,0.03371803307564338,0.10160647236782075,0.8646558039636193,12710.0
2022-02-12,0.20860573315930417,0.033624143262550116,0.09838715742148357,0.8679742064836421,9775.0
2022-02-13,0.19779118924290434,0.03353025344945686,0.09516784247514638,0.8712926090036648,6840.0
2022-02-14,0.1869766453265045,0.0334363636363636,0.0919485275288092,0.8746110115236876,3905.0
2022-02-15,0.2480199609156895,0.0213126744835287,0.0948690675600223,0.8838163037409268,7164.0
2022-02-16,0.2394142645424231,0.0230007410151908,0.0961771026306039,0.8808195628010373,2699.0
2022-02-17,0.2483816990640748,0.0357464362850971,0.1078574514038877,0.856351259899208,13890.0
2022-02-18,0.2426923285714285,0.0334458571428571,0.1039068571428571,0.8626301428571429,14000.0
2022-02-19,0.24379649939177073,0.03312441813967376,0.10395804002487741,0.8629018848333456,13318.25
2022-02-20,0.24490067021211298,0.03280297913649043,0.10400922290689772,0.8631736268095485,12636.5
2022-02-21,0.2460048410324552,0.0324815401333071,0.10406040578891804,0.8634453687857512,11954.75
2022-02-22,0.24710901185279743,0.03216010113012376,0.10411158867093834,0.8637171107619539,11273.0
2022-02-23,0.24821318267313966,0.031838662126940434,0.10416277155295864,0.8639888527381566,10591.25
2022-02-24,0.24931735349348189,0.0315172231237571,0.10421395443497895,0.8642605947143593,9909.5
2022-02-25,0.25042152431382414,0.031195784120573767,0.10426513731699927,0.8645323366905622,9227.75
2022-02-26,0.25152569513416634,0.03087434511739043,0.10431632019901957,0.8648040786667649,8546.0
2022-02-27,0.2526298659545086,0.0305529061142071,0.10436750308103987,0.8650758206429676,7864.25
2022-02-28,0.25373403677485085,0.030231467111023768,0.10441868596306018,0.8653475626191705,7182.5
2022-03-01,0.25483820759519304,0.029910028107840433,0.1044698688450805,0.8656193045953732,6500.75
2022-03-02,0.2559423784155353,0.0295885891046571,0.1045210517271008,0.8658910465715759,5819.0
2022-03-03,0.2579069979994513,0.028806760539939,0.10359756569731325,0.8675951612138088,5823.25
2022-03-04,0.25987161758336735,0.0280249319752209,0.1026740796675257,0.8692992758560416,5827.5
2022-03-05,0.2618362371672834,0.0272431034105028,0.10175059363773815,0.8710033904982744,5831.75
2022-03-06,0.2638008567511994,0.0264612748457847,0.1008271076079506,0.8727075051405072,5836.0
2022-03-07,0.2330826876153068,0.0286087008272332,0.0942359102541212,0.8771505088377075,16803.0
2022-03-08,0.1871004195804196,0.0292198135198135,0.0836410256410256,0.8871365967365967,4290.0
2022-03-09,0.231262437621585,0.0231890383151484,0.092027827116637,0.8847780597141165,11823.0
2022-03-10,0.2437692730811543,0.0271788948125581,0.0979496064991114,0.8748679021748329,23634.0
2022-03-11,0.2335154257761749,0.027922538379403474,0.09581090396935618,0.876264143071547,18388.5
2022-03-12,0.22326157847119554,0.02866618194624885,0.09367220143960095,0.8776603839682611,13143.0
2022-03-13,0.21300773116621619,0.029409825513094224,0.09153349890984572,0.8790566248649752,7897.5
2022-03-14,0.2027538838612368,0.0301534690799396,0.0893947963800905,0.8804528657616892,2652.0
2022-03-15,0.2337158013838722,0.0279161843422255,0.1001611906523347,0.87192327777536,22979.0
2022-03-16,0.2236004871060171,0.0296545049347341,0.0996857370264247,0.8706546004457179,31410.0
2022-03-17,0.2209814210766423,0.0295866788321167,0.0972460652372262,0.8731673129562043,17536.0
2022-03-18,0.2042201888945233,0.0302875887423935,0.0919963869168357,0.8777171653144016,15776.0
2022-03-19,0.3360118662435172,0.0248369068813375,0.117912377118972,0.8572498645405991,12919.0
2022-03-20,0.3108893761709805,0.0261938102838109,0.114471653597946,0.8593330095066268,14411.0
2022-03-21,0.2758919070440365,0.0259056876751966,0.1040034813274256,0.8701032190975676,22118.0
2022-03-22,0.1626327272727273,0.0353636363636363,0.0867818181818181,0.8777999999999999,55.0
2022-03-23,0.2502117604912999,0.0267633060388945,0.0955404810644831,0.8777110542476969,19540.0
2022-03-24,0.2065893992017002,0.0309822456067596,0.0956816131874967,0.8733416359960603,38582.0
2022-03-25,0.20836175925231895,0.030750513577960284,0.09556513688990939,0.8736891514667952,37400.3
2022-03-26,0.2101341193029377,0.03051878154916097,0.09544866059232208,0.87403666693753,36218.6
2022-03-27,0.21190647935355647,0.030287049520361653,0.09533218429473478,0.8743841824082649,35036.9
2022-03-28,0.21367883940417523,0.03005531749156234,0.09521570799714747,0.8747316978789997,33855.2
2022-03-29,0.215451199454794,0.029823585462763025,0.09509923169956017,0.8750792133497345,32673.5
2022-03-30,0.21722355950541275,0.02959185343396371,0.09498275540197287,0.8754267288204693,31491.8
2022-03-31,0.2189959195560315,0.029360121405164395,0.09486627910438557,0.8757742442912042,30310.1
2022-04-01,0.22076827960665027,0.02912838937636508,0.09474980280679826,0.8761217597619391,29128.4
2022-04-02,0.22254063965726903,0.028896657347565764,0.09463332650921095,0.8764692752326739,27946.699999999997
2022-04-03,0.2243129997078878,0.02866492531876645,0.09451685021162365,0.8768167907034088,26765.0
2022-04-04,0.22608535975850655,0.028433193289967136,0.09440037391403634,0.8771643061741436,25583.3
2022-04-05,0.2278577198091253,0.02820146126116782,0.09428389761644904,0.8775118216448785,24401.6
2022-04-06,0.22963007985974407,0.027969729232368505,0.09416742131886173,0.8778593371156134,23219.9
2022-04-07,0.23140243991036283,0.02773799720356919,0.09405094502127442,0.8782068525863482,22038.2
2022-04-08,0.2331747999609816,0.027506265174769874,0.09393446872368713,0.8785543680570831,20856.5
2022-04-09,0.23494716001160035,0.02727453314597056,0.09381799242609982,0.8789018835278178,19674.8
2022-04-10,0.2367195200622191,0.027042801117171243,0.09370151612851252,0.8792493989985527,18493.1
2022-04-11,0.23849188011283787,0.02681106908837193,0.09358503983092521,0.8795969144692876,17311.399999999998
2022-04-12,0.24026424016345663,0.026579337059572616,0.0934685635333379,0.8799444299400224,16129.7
2022-04-13,0.2420366002140754,0.0263476050307733,0.0933520872357506,0.8802919454107573,14948.0
2022-04-14,0.2563820323741007,0.0212191097122302,0.0961335431654676,0.8826468525179856,22240.0
2022-04-15,0.2483663791989664,0.0254126937984496,0.1010887273901808,0.8734946705426356,30960.0
2022-04-16,0.2656913852641872,0.0259543134798154,0.1060395440515845,0.8680021697277144,32723.0
2022-04-17,0.1475359654631083,0.0417593406593406,0.0920078492935635,0.8662285714285715,6370.0
2022-04-18,0.2171496224578389,0.0334255571048962,0.0989001552263937,0.8676700255202714,38009.0
2022-04-19,0.2529644351567909,0.027485829458898,0.102318651696508,0.8701917845484222,40436.0
2022-04-20,0.1963135392251482,0.0272281814421618,0.0906284296153315,0.8821382876051289,7253.0
2022-04-21,0.1976781104120154,0.0288030748934442,0.0879836107164603,0.8832158514308911,19708.0
2022-04-22,0.2414236130399824,0.0288043637161026,0.0952353263650318,0.8759513558950369,27362.0
2022-04-23,0.23420326913021075,0.02834609452317792,0.09319169304468816,0.8784549308698757,22227.6
2022-04-24,0.2269829252204391,0.02788782533025324,0.09114805972434452,0.8809585058447145,17093.2
2022-04-25,0.21976258131066748,0.027429556137328562,0.08910442640400089,0.8834620808195531,11958.800000000001
2022-04-26,0.21254223740089584,0.026971286944403882,0.08706079308365725,0.8859656557943919,6824.4000000000015
2022-04-27,0.2053218934911242,0.0265130177514792,0.0850171597633136,0.8884692307692307,1690.0
2022-04-28,0.2457888787556366,0.0238004762628565,0.0932105689821148,0.8829860667781324,19737.0
2022-04-29,0.2284087975897014,0.0274411394138592,0.0943645028759244,0.8781904683648316,18255.0
2022-04-30,0.2379848077710372,0.0332762663292269,0.1054636570024935,0.8612704231642413,26869.0
2022-05-01,0.2168177115736138,0.0343778661450149,0.1002320495141583,0.8654002501362923,31183.0
2022-05-02,0.2201858673226472,0.0317106808443104,0.0977216711633074,0.8705758212982065,25204.0
2022-05-03,0.21446326148463588,0.03271622718207056,0.09679727412356408,0.870493573017374,23266.0
2022-05-04,0.20874065564662458,0.033721773519830724,0.09587287708382075,0.8704113247365415,21328.0
2022-05-05,0.20301804980861327,0.03472731985759089,0.09494848004407742,0.870329076455709,19390.0
2022-05-06,0.19729544397060195,0.03573286619535105,0.0940240830043341,0.8702468281748764,17452.0
2022-05-07,0.19157283813259063,0.03673841253311121,0.09309968596459078,0.8701645798940438,15514.0
2022-05-08,0.1858502322945793,0.037743958870871376,0.09217528892484746,0.8700823316132114,13576.0
2022-05-09,0.18012762645656802,0.03874950520863154,0.09125089188510413,0.8700000833323789,11638.0
2022-05-10,0.1744050206185567,0.0397550515463917,0.0903264948453608,0.8699178350515463,9700.0
2022-05-11,0.1034640296662546,0.0510071847960445,0.0835355377008652,0.8654573547589617,12944.0
2022-05-12,0.1169024712168437,0.0459983779657782,0.0851926722218688,0.8688038928821322,31442.0
2022-05-13,0.1620940462990961,0.0410873567852703,0.0940619561200147,0.8648456472801801,29763.0
2022-05-14,0.1691211754831103,0.03991478299501789,0.09649213678329664,0.8635883591683916,28093.777777777777
2022-05-15,0.17614830466712447,0.038742209204765475,0.09892231744657859,0.8623310710566032,26424.555555555555
2022-05-16,0.18317543385113866,0.03756963541451307,0.10135249810986054,0.8610737829448147,24755.333333333336
2022-05-17,0.19020256303515287,0.03639706162426065,0.10378267877314248,0.8598164948330264,23086.11111111111
2022-05-18,0.19722969221916703,0.03522448783400824,0.10621285943642442,0.8585592067212379,21416.88888888889
2022-05-19,0.20425682140318124,0.034051914043755835,0.10864304009970636,0.8573019186094495,19747.666666666668
2022-05-20,0.21128395058719543,0.03287934025350342,0.11107322076298831,0.856044630497661,18078.444444444445
2022-05-21,0.21831107977120962,0.03170676646325101,0.11350340142627026,0.8547873423858726,16409.222222222223
2022-05-22,0.2253382089552238,0.0305341926729986,0.1159335820895522,0.8535300542740841,14740.0
2022-05-23,0.2200370283018868,0.0378163325471698,0.1024714033018868,0.8597081367924528,3392.0
2022-05-24,0.1756900970727669,0.0350875912408759,0.0922226653623297,0.8726871848897584,13289.0
2022-05-25,0.1510132290867229,0.0423941864927091,0.0889210475825019,0.868664907904835,10424.0
2022-05-26,0.1208567557395558,0.0464116798394178,0.0792402458913561,0.8743472588131977,15942.0
2022-05-27,0.1688497521551724,0.0367213362068965,0.0934105603448275,0.8698631465517241,9280.0
2022-05-28,0.1466520493066255,0.0390385208012326,0.0875682588597842,0.8733845916795069,3245.0
2022-05-29,0.1767326239917624,0.035538699159087,0.0952831645786854,0.8691680967908014,11654.0
2022-05-30,0.2055539771486791,0.0241901608325449,0.0848123862892074,0.8909945418819591,13741.0
2022-05-31,0.1970714457589733,0.0286095180803422,0.0871207806964775,0.8842677628500769,14961.0
2022-06-01,0.1768160013884068,0.0376215434455628,0.0899235797755409,0.8724499595048015,17286.0
2022-06-02,0.1677020702306079,0.0361025943396226,0.0885762578616352,0.8753100104821803,7632.0
2022-06-03,0.1993816704892966,0.0403578937308868,0.098545489296636,0.8610887327981652,20928.0
2022-06-04,0.1991583085422864,0.0397819804504887,0.1008650658733531,0.8594186145346366,4706.0
2022-06-05,0.19404273230199373,0.03970803852596713,0.09873684177189349,0.8616144404634706,5562.9
2022-06-06,0.18892715606170105,0.03963409660144556,0.09660861767043388,0.8638102663923044,6419.8
2022-06-07,0.1838115798214084,0.039560154676923996,0.09448039356897428,0.8660060923211383,7276.7
2022-06-08,0.1786960035811157,0.039486212752402425,0.09235216946751466,0.8682019182499722,8133.6
2022-06-09,0.17358042734082305,0.03941227082788085,0.09022394536605505,0.8703977441788061,8990.5
2022-06-10,0.1684648511005304,0.03933832890335928,0.08809572126459544,0.87259357010764,9847.4
2022-06-11,0.1633492748602377,0.03926438697883771,0.08596749716313584,0.8747893960364739,10704.3
2022-06-12,0.15823369861994505,0.039190445054316146,0.08383927306167623,0.8769852219653078,11561.2
2022-06-13,0.15311812237965236,0.039116503129794575,0.08171104896021661,0.8791810478941416,12418.099999999999
2022-06-14,0.1480025461393597,0.039042561205273,0.079582824858757,0.8813768738229756,13275.0
2022-06-15,0.1131544502234268,0.0431880204136449,0.0782641320538177,0.8785445999072107,40953.0
2022-06-16,0.13088687519572245,0.0382254661203296,0.07490199078401305,0.8868698965640225,27321.0
2022-06-17,0.1486193001680181,0.0332629118270143,0.0715398495142084,0.8951951932208342,13689.0
2022-06-18,0.1073050864050395,0.0425388609857836,0.0722663658806503,0.8851943900570359,23494.0
2022-06-19,0.1128353374459073,0.0427093269496363,0.0750700672129638,0.8822176595156983,10861.0
2022-06-20,0.12563751878988874,0.041139732081434226,0.07736350561054672,0.8814940633803371,13000.75
2022-06-21,0.1384397001338702,0.039570137213232146,0.07965694400812964,0.8807704672449759,15140.5
2022-06-22,0.15124188147785164,0.03800054234503007,0.08195038240571258,0.8800468711096145,17280.25
2022-06-23,0.1640440628218331,0.036430947476828,0.0842438208032955,0.8793232749742533,19420.0
2022-06-24,0.1429616777629827,0.0391776298268974,0.0724364846870839,0.8883792276964048,3755.0
2022-06-25,0.1643449044225766,0.039017249179957,0.0862841873091279,0.8746948874561701,17682.0
2022-06-26,0.1851725050916497,0.0369093449533462,0.0954365556765973,0.8676468052858428,21113.0
2022-06-27,0.16555522113968635,0.035308616088379,0.08354393808098245,0.881143888010516,13358.5
2022-06-28,0.145937937187723,0.0337078872234118,0.0716513204853676,0.8946409707351892,5604.0
2022-06-29,0.1530413051973427,0.0379474186965394,0.0797890669098172,0.8822560896183406,23031.0
2022-06-30,0.14816875117245396,0.03731674257588373,0.07982722180604913,0.8828499085683609,17147.333333333332
2022-07-01,0.14329619714756522,0.03668606645522807,0.07986537670228107,0.8834437275183812,11263.666666666666
2022-07-02,0.1384236431226765,0.0360553903345724,0.079903531598513,0.8840375464684015,5380.0
2022-07-03,0.1645817849686847,0.0368567849686847,0.0901391440501043,0.8730055323590814,9580.0
2022-07-04,0.16145317933857767,0.03511261403927815,0.08658677970017749,0.8783015930960897,8971.375
2022-07-05,0.15832457370847064,0.033368443109871596,0.08303441535025068,0.883597653833098,8362.75
2022-07-06,0.1551959680783636,0.03162427218046505,0.07948205100032386,0.8888937145701062,7754.125
2022-07-07,0.15206736244825658,0.0298801012510585,0.07592968665039705,0.8941897753071145,7145.5
2022-07-08,0.14893875681814958,0.02813593032165195,0.07237732230047024,0.8994858360441228,6536.875
2022-07-09,0.14581015118804255,0.0263917593922454,0.06882495795054341,0.9047818967811311,5928.25
2022-07-10,0.14268154555793552,0.02464758846283885,0.0652725936006166,0.9100779575181394,5319.625
2022-07-11,0.1395529399278285,0.0229034175334323,0.0617202292506898,0.9153740182551476,4711.0
2022-07-12,0.1473056097157964,0.0257840383344348,0.0667894910773298,0.9074209352280238,12104.0
2022-07-13,0.1143994023428161,0.0340407841262251,0.0677047573511833,0.8982537413339707,20915.0
2022-07-14,0.1674658900435802,0.0352072577941669,0.0848501089507207,0.8799429684880992,23864.0
2022-07-15,0.1650487415910053,0.031865126781766,0.0819617537752269,0.8861719904031613,21257.0
2022-07-16,0.1618144049994748,0.0324413927108497,0.0832240836046633,0.8843325806112803,19042.0
2022-07-17,0.1565750893420223,0.031124448181627,0.0761670170275383,0.8927106369560647,9514.0
2022-07-18,0.15611939596700494,0.031140456330811826,0.07611081854403308,0.8927507906558149,9529.568181818182
2022-07-19,0.1556637025919876,0.031156464479996652,0.07605462006052788,0.892790944355565,9545.136363636364
2022-07-20,0.15520800921697026,0.031172472629181477,0.07599842157702266,0.8928310980553152,9560.704545454546
2022-07-21,0.1547523158419529,0.0311884807783663,0.07594222309351746,0.8928712517550654,9576.272727272728
2022-07-22,0.15429662246693554,0.031204488927551125,0.07588602461001225,0.8929114054548156,9591.84090909091
2022-07-23,0.1538409290919182,0.03122049707673595,0.07582982612650704,0.8929515591545658,9607.40909090909
2022-07-24,0.15338523571690085,0.031236505225920776,0.07577362764300183,0.892991712854316,9622.977272727272
2022-07-25,0.1529295423418835,0.0312525133751056,0.07571742915949663,0.8930318665540662,9638.545454545454
2022-07-26,0.15247384896686614,0.031268521524290424,0.07566123067599141,0.8930720202538164,9654.113636363636
2022-07-27,0.1520181555918488,0.03128452967347525,0.07560503219248621,0.8931121739535666,9669.681818181818
2022-07-28,0.15156246221683145,0.031300537822660075,0.075548833708981,0.8931523276533168,9685.25
2022-07-29,0.1511067688418141,0.031316545971844904,0.07549263522547578,0.893192481353067,9700.818181818182
2022-07-30,0.15065107546679676,0.031332554121029726,0.07543643674197058,0.8932326350528171,9716.386363636364
2022-07-31,0.1501953820917794,0.03134856227021455,0.07538023825846536,0.8932727887525673,9731.954545454546
2022-08-01,0.14973968871676205,0.03136457041939938,0.07532403977496016,0.8933129424523175,9747.522727272728
2022-08-02,0.1492839953417447,0.0313805785685842,0.07526784129145495,0.8933530961520677,9763.09090909091
2022-08-03,0.14882830196672736,0.03139658671776903,0.07521164280794974,0.8933932498518179,9778.65909090909
2022-08-04,0.14837260859171,0.03141259486695385,0.07515544432444453,0.8934334035515681,9794.227272727272
2022-08-05,0.14791691521669265,0.03142860301613867,0.07509924584093933,0.8934735572513183,9809.795454545454
2022-08-06,0.14746122184167532,0.0314446111653235,0.07504304735743411,0.8935137109510685,9825.363636363636
2022-08-07,0.14700552846665796,0.031460619314508324,0.07498684887392891,0.8935538646508187,9840.931818181818
2022-08-08,0.1465498350916406,0.03147662746369315,0.0749306503904237,0.8935940183505688,9856.5
2022-08-09,0.14609414171662324,0.031492635612877976,0.07487445190691848,0.893634172050319,9872.068181818182
2022-08-10,0.14563844834160591,0.031508643762062805,0.07481825342341328,0.8936743257500692,9887.636363636364
2022-08-11,0.14518275496658856,0.03152465191124763,0.07476205493990806,0.8937144794498194,9903.204545454546
2022-08-12,0.1447270615915712,0.03154066006043245,0.07470585645640286,0.8937546331495696,9918.772727272728
2022-08-13,0.14427136821655384,0.03155666820961728,0.07464965797289765,0.8937947868493198,9934.34090909091
2022-08-14,0.1438156748415365,0.0315726763588021,0.07459345948939244,0.89383494054907,9949.90909090909
2022-08-15,0.14335998146651915,0.03158868450798693,0.07453726100588723,0.8938750942488202,9965.477272727272
2022-08-16,0.1429042880915018,0.03160469265717175,0.07448106252238203,0.8939152479485704,9981.045454545454
2022-08-17,0.14244859471648447,0.03162070080635658,0.07442486403887681,0.8939554016483205,9996.613636363636
2022-08-18,0.1419929013414671,0.0316367089555414,0.07436866555537161,0.8939955553480707,10012.181818181818
2022-08-19,0.14153720796644975,0.031652717104726225,0.0743124670718664,0.8940357090478209,10027.75
2022-08-20,0.1410815145914324,0.031668725253911054,0.07425626858836118,0.8940758627475711,10043.318181818182
2022-08-21,0.14062582121641506,0.031684733403095876,0.07420007010485598,0.8941160164473213,10058.886363636364
2022-08-22,0.1401701278413977,0.031700741552280705,0.07414387162135076,0.8941561701470715,10074.454545454546
2022-08-23,0.13971443446638035,0.03171674970146553,0.07408767313784556,0.8941963238468217,10090.022727272728
2022-08-24,0.139258741091363,0.03173275785065035,0.07403147465434035,0.8942364775465719,10105.59090909091
2022-08-25,0.13880304771634566,0.03174876599983518,0.07397527617083514,0.8942766312463221,10121.15909090909
2022-08-26,0.1383473543413283,0.03176477414902,0.07391907768732993,0.8943167849460723,10136.727272727272
2022-08-27,0.13789166096631095,0.03178078229820483,0.07386287920382473,0.8943569386458224,10152.295454545454
2022-08-28,0.13743596759129362,0.03179679044738965,0.07380668072031951,0.8943970923455726,10167.863636363636
2022-08-29,0.13698027421627626,0.03181279859657448,0.07375048223681431,0.8944372460453228,10183.431818181818
2022-08-30,0.1365245808412589,0.0318288067457593,0.0736942837533091,0.894477399745073,10199.0
2022-08-31,0.1353270162117791,0.0284781961830494,0.0693081264108352,0.9022208598399344,19492.0
2022-09-01,0.1449289223649879,0.0284445429035592,0.0706844385368975,0.9008699847388372,20313.0
2022-09-02,0.131682768929184,0.0299507963734378,0.0690973290860083,0.9009529037000736,20405.0
2022-09-03,0.1393614050733254,0.0277031311930241,0.0731183115338882,0.8991758818866429,10092.0
2022-09-04,0.1312624479407681,0.0226337343822304,0.0684534937528921,0.9089090698750578,4322.0
2022-09-05,0.13343200380164127,0.023285680308700443,0.06904099966879837,0.9076697380019042,4752.714285714285
2022-09-06,0.13560155966251441,0.023937626235170484,0.06962850558470464,0.9064304061287505,5183.428571428572
2022-09-07,0.13777111552338758,0.024589572161640528,0.07021601150061091,0.9051910742555969,5614.142857142857
2022-09-08,0.13994067138426072,0.025241518088110572,0.07080351741651719,0.9039517423824431,6044.857142857143
2022-09-09,0.1421102272451339,0.025893464014580616,0.07139102333242346,0.9027124105092895,6475.571428571428
2022-09-10,0.14427978310600703,0.026545409941050657,0.07197852924832973,0.9014730786361358,6906.285714285714
2022-09-11,0.1464493389668802,0.0271973558675207,0.072566035164236,0.9002337467629822,7337.0
2022-09-12,0.169766642737497,0.0250191433357262,0.0798339315625747,0.895143575017947,20895.0
2022-09-13,0.1349951109539386,0.02995168420122,0.0709369198125718,0.8991093625674124,22622.0
2022-09-14,0.1501361602870813,0.0274917464114832,0.0738644736842105,0.8986408293460925,25080.0
2022-09-15,0.15042759657013927,0.027500287937137692,0.07388812934775961,0.8986084598191709,24352.32
2022-09-16,0.15071903285319727,0.02750882946279218,0.07391178501130873,0.8985760902922494,23624.64
2022-09-17,0.15101046913625524,0.027517370988446675,0.07393544067485784,0.898543720765328,22896.96
2022-09-18,0.1513019054193132,0.027525912514101167,0.07395909633840696,0.8985113512384064,22169.28
2022-09-19,0.15159334170237118,0.02753445403975566,0.07398275200195607,0.8984789817114849,21441.6
2022-09-20,0.15188477798542918,0.02754299556541015,0.07400640766550519,0.8984466121845633,20713.92
2022-09-21,0.15217621426848715,0.027551537091064643,0.0740300633290543,0.8984142426576418,19986.24
2022-09-22,0.15246765055154513,0.027560078616719136,0.07405371899260342,0.8983818731307204,19258.56
2022-09-23,0.15275908683460312,0.027568620142373625,0.07407737465615254,0.8983495036037988,18530.88
2022-09-24,0.1530505231176611,0.02757716166802812,0.07410103031970165,0.8983171340768773,17803.2
2022-09-25,0.15334195940071907,0.02758570319368261,0.07412468598325077,0.8982847645499558,17075.52
2022-09-26,0.15363339568377704,0.027594244719337104,0.07414834164679988,0.8982523950230342,16347.84
2022-09-27,0.15392483196683504,0.027602786244991594,0.07417199731034901,0.8982200254961128,15620.16
2022-09-28,0.154216268249893,0.027611327770646087,0.07419565297389813,0.8981876559691913,14892.480000000001
2022-09-29,0.15450770453295098,0.02761986929630058,0.07421930863744725,0.8981552864422697,14164.800000000001
2022-09-30,0.15479914081600896,0.027628410821955073,0.07424296430099636,0.8981229169153482,13437.12
2022-10-01,0.15509057709906696,0.027636952347609562,0.07426661996454548,0.8980905473884266,12709.44
2022-10-02,0.15538201338212493,0.027645493873264055,0.0742902756280946,0.8980581778615052,11981.76
2022-10-03,0.1556734496651829,0.027654035398918548,0.07431393129164371,0.8980258083345837,11254.080000000002
2022-10-04,0.1559648859482409,0.027662576924573037,0.07433758695519282,0.8979934388076621,10526.400000000001
2022-10-05,0.15625632223129887,0.02767111845022753,0.07436124261874194,0.8979610692807406,9798.720000000001
2022-10-06,0.15654775851435684,0.027679659975882023,0.07438489828229106,0.8979286997538191,9071.04
2022-10-07,0.15683919479741482,0.027688201501536516,0.07440855394584017,0.8978963302268976,8343.36
2022-10-08,0.15713063108047282,0.027696743027191006,0.07443220960938929,0.8978639606999761,7615.68
2022-10-09,0.1574220673635308,0.0277052845528455,0.0744558652729384,0.8978315911730546,6888.0
2022-10-10,0.1641268787942223,0.0270962424115553,0.071547153024911,0.9013536738538832,19108.0
2022-10-11,0.1592284552424367,0.0269563302942395,0.0752880232076253,0.8977534189805222,19304.0
2022-10-12,0.1493520291518993,0.0260657415264813,0.0712037637897469,0.902730844107223,20033.0
2022-10-13,0.1344463587045865,0.0320892651652145,0.0732063948709518,0.8947131349662996,12166.0
2022-10-14,0.153813069675723,0.0301197414548641,0.0765055872042068,0.8933726993865031,9128.0
2022-10-15,0.1540573038372575,0.0260854041871775,0.0731931083565624,0.9007191744261906,16861.0
2022-10-16,0.15454935396691702,0.02647965160338304,0.07387044556537321,0.8996475871693439,16604.17391304348
2022-10-17,0.15504140409657655,0.026873899019588587,0.07454778277418403,0.898575999912497,16347.347826086956
2022-10-18,0.15553345422623607,0.02726814643579413,0.07522511998299485,0.8975044126556503,16090.521739130434
2022-10-19,0.15602550435589563,0.027662393851999673,0.07590245719180568,0.8964328253988035,15833.695652173912
2022-10-20,0.15651755448555515,0.028056641268205215,0.07657979440061649,0.8953612381419567,15576.869565217392
2022-10-21,0.15700960461521468,0.02845088868441076,0.07725713160942731,0.8942896508851099,15320.04347826087
2022-10-22,0.1575016547448742,0.028845136100616304,0.07793446881823812,0.8932180636282632,15063.217391304348
2022-10-23,0.15799370487453374,0.029239383516821846,0.07861180602704894,0.8921464763714164,14806.391304347826
2022-10-24,0.15848575500419326,0.029633630933027393,0.07928914323585975,0.8910748891145696,14549.565217391304
2022-10-25,0.1589778051338528,0.030027878349232935,0.07996648044467057,0.8900033018577228,14292.739130434782
2022-10-26,0.15946985526351232,0.030422125765438478,0.08064381765348139,0.888931714600876,14035.91304347826
2022-10-27,0.15996190539317187,0.03081637318164402,0.08132115486229222,0.8878601273440292,13779.08695652174
2022-10-28,0.1604539555228314,0.031210620597849566,0.08199849207110303,0.8867885400871824,13522.260869565216
2022-10-29,0.16094600565249093,0.03160486801405511,0.08267582927991385,0.8857169528303357,13265.434782608696
2022-10-30,0.16143805578215045,0.031999115430260655,0.08335316648872466,0.8846453655734888,13008.608695652174
2022-10-31,0.16193010591180998,0.0323933628464662,0.08403050369753548,0.8835737783166421,12751.782608695652
2022-11-01,0.1624221560414695,0.03278761026267174,0.0847078409063463,0.8825021910597953,12494.95652173913
2022-11-02,0.16291420617112903,0.03318185767887728,0.08538517811515711,0.8814306038029485,12238.130434782608
2022-11-03,0.16340625630078856,0.033576105095082825,0.08606251532396794,0.8803590165461017,11981.304347826088
2022-11-04,0.16389830643044812,0.03397035251128837,0.08673985253277876,0.879287429289255,11724.478260869564
2022-11-05,0.16439035656010764,0.03436459992749391,0.08741718974158957,0.8782158420324082,11467.652173913044
2022-11-06,0.16488240668976717,0.03475884734369946,0.08809452695040039,0.8771442547755613,11210.826086956522
2022-11-07,0.1653744568194267,0.035153094759905,0.0887718641592112,0.8760726675187146,10954.0
2022-11-08,0.0747393304983098,0.0439622723803293,0.0657051575618798,0.8903326790971541,9171.0
2022-11-09,0.1008199004436749,0.0438070555134725,0.0726485769938318,0.8835464235472351,18482.0
2022-11-10,0.1522755864941898,0.0430451655338741,0.0869375137031352,0.87000197325148,9122.0
2022-11-11,0.0978231963540862,0.0460193882280241,0.0766384983778773,0.8773423451259077,12946.0
2022-11-12,0.1015592895923563,0.04468707230426725,0.0761148408362704,0.8791995948367357,8628.0
2022-11-13,0.1052953828306264,0.0433547563805104,0.0755911832946635,0.8810568445475638,4310.0
2022-11-14,0.1367179525862069,0.0385479525862069,0.0797737068965517,0.881679849137931,9280.0
2022-11-15,0.1211113327941044,0.0407915880291183,0.080238249303496,0.8789662532578413,22254.0
2022-11-16,0.1120346000669967,0.0352871924665947,0.0702575650426173,0.8944577734767559,26867.0
2022-11-17,0.10724969814379097,0.036436034919341026,0.0706416359070265,0.89292257515078,21133.75
2022-11-18,0.10246479622058524,0.03758487737208735,0.0710257067714357,0.891387376824804,15400.5
2022-11-19,0.09767989429737953,0.03873371982483367,0.0714097776358449,0.889852178498828,9667.25
2022-11-20,0.0928949923741738,0.03988256227758,0.0717938485002541,0.8883169801728521,3934.0
2022-11-21,0.1051841454675743,0.04107267407142,0.0748977069150842,0.88403069389705,16746.0
2022-11-22,0.10824465196603515,0.0406329692000085,0.07561653542126491,0.8837516007338042,16369.636363636364
2022-11-23,0.111305158464496,0.040193264328596996,0.07633536392744561,0.8834725075705585,15993.272727272728
2022-11-24,0.11436566496295685,0.0397535594571855,0.07705419243362632,0.8831934144073127,15616.909090909092
2022-11-25,0.11742617146141769,0.039313854585774,0.07777302093980704,0.882914321244067,15240.545454545454
2022-11-26,0.12048667795987852,0.038874149714362496,0.07849184944598775,0.8826352280808212,14864.181818181818
2022-11-27,0.12354718445833937,0.038434444842951,0.07921067795216845,0.8823561349175755,14487.818181818182
2022-11-28,0.12660769095680022,0.0379947399715395,0.07992950645834916,0.8820770417543297,14111.454545454546
2022-11-29,0.12966819745526106,0.037555035100128,0.08064833496452987,0.881797948591084,13735.090909090908
2022-11-30,0.1327287039537219,0.0371153302287165,0.08136716347071059,0.8815188554278381,13358.727272727272
2022-12-01,0.13578921045218276,0.036675625357305,0.08208599197689129,0.8812397622645924,12982.363636363636
2022-12-02,0.1388497169506436,0.0362359204858935,0.082804820483072,0.8809606691013466,12606.0
2022-12-03,0.14191022344910445,0.035796215614482,0.08352364898925271,0.8806815759381009,12229.636363636364
2022-12-04,0.1449707299475653,0.0353565107430705,0.08424247749543343,0.8804024827748551,11853.272727272728
2022-12-05,0.14803123644602614,0.034916805871659,0.08496130600161413,0.8801233896116094,11476.909090909092
2022-12-06,0.151091742944487,0.0344771010002475,0.08568013450779484,0.8798442964483636,11100.545454545454
2022-12-07,0.15415224944294784,0.034037396128836,0.08639896301397555,0.8795652032851179,10724.181818181818
2022-12-08,0.15721275594140868,0.0335976912574245,0.08711779152015625,0.8792861101218721,10347.818181818182
2022-12-09,0.16027326243986953,0.033157986386013,0.08783662002633696,0.8790070169586264,9971.454545454544
2022-12-10,0.16333376893833035,0.0327182815146015,0.08855544853251768,0.8787279237953806,9595.090909090908
2022-12-11,0.1663942754367912,0.03227857664319,0.08927427703869839,0.8784488306321349,9218.727272727272
2022-12-12,0.16945478193525204,0.0318388717717785,0.08999310554487909,0.878169737468889,8842.363636363636
2022-12-13,0.1725152884337129,0.031399166900366995,0.0907119340510598,0.8778906443056433,8466.0
2022-12-14,0.17557579493217373,0.030959462028955498,0.09143076255724052,0.8776115511423975,8089.636363636364
2022-12-15,0.17863630143063458,0.030519757157544,0.09214959106342122,0.8773324579791518,7713.272727272728
2022-12-16,0.18169680792909543,0.0300800522861325,0.09286841956960193,0.877053364815906,7336.90909090909
2022-12-17,0.18475731442755627,0.029640347414720998,0.09358724807578264,0.8767742716526603,6960.545454545454
2022-12-18,0.18781782092601712,0.0292006425433095,0.09430607658196336,0.8764951784894145,6584.181818181818
2022-12-19,0.19087832742447797,0.028760937671898,0.09502490508814405,0.8762160853261688,6207.818181818182
2022-12-20,0.1939388339229388,0.0283212328004865,0.09574373359432477,0.875936992162923,5831.454545454546
2022-12-21,0.19699934042139966,0.027881527929075,0.09646256210050548,0.8756578989996773,5455.090909090908
2022-12-22,0.2000598469198605,0.0274418230576635,0.09718139060668618,0.8753788058364315,5078.727272727272
2022-12-23,0.20312035341832135,0.027002118186252,0.09790021911286689,0.8750997126731858,4702.363636363636
2022-12-24,0.2061808599167822,0.0265624133148405,0.0986190476190476,0.87482061950994,4326.0
2022-12-25,0.1871502590210789,0.0258140407288317,0.0849169346195069,0.8892662558056449,11196.0
2022-12-26,0.1353426914153132,0.0226380510440835,0.0555290023201856,0.9218329466357308,431.0
2022-12-27,0.1751562609970674,0.0260694281524926,0.0788694281524926,0.8950615835777126,13640.0
2022-12-28,0.1782945148341695,0.02574166385225123,0.07902428628511063,0.8952344141614895,12592.5
2022-12-29,0.18143276867127162,0.02541389955200986,0.07917914441772865,0.8954072447452665,11545.0
2022-12-30,0.1845710225083737,0.02508613525176849,0.07933400255034669,0.8955800753290434,10497.5
2022-12-31,0.1877092763454758,0.02475837095152712,0.07948886068296472,0.8957529059128203,9450.0
2023-01-01,0.19084753018257788,0.024430606651285748,0.07964371881558274,0.8959257364965972,8402.5
2023-01-02,0.19398578401968,0.02410284235104438,0.07979857694820078,0.8960985670803742,7355.0
2023-01-03,0.1971240378567821,0.02377507805080301,0.07995343508081881,0.8962713976641511,6307.5
2023-01-04,0.20026229169388418,0.023447313750561638,0.08010829321343685,0.896444228247928,5260.0
2023-01-05,0.2034005455309863,0.02311954945032027,0.08026315134605487,0.896617058831705,4212.5
2023-01-06,0.2065387993680884,0.0227917851500789,0.0804180094786729,0.8967898894154819,3165.0
2023-01-07,0.1555400906653045,0.0293320137913421,0.0764482186183118,0.8942206614736304,15662.0
2023-01-08,0.1580959481361426,0.0238123176661264,0.0656012965964343,0.9105867098865478,3085.0
2023-01-09,0.1548200761542122,0.0262637791527843,0.0728510709186101,0.9008814374107568,21010.0
